{
  "timestamp": "2025-12-24T15:33:22.261911Z",
  "timestamp_unix": 1766590402,
  "metrics": {
    "us_10y_yield": 4.17,
    "us_10y_yield_7d_change": -0.477326968973758,
    "bitcoin_price": 86865.0,
    "stablecoin_mcap": 307798121740.01324,
    "rwa_tvl": 18267265305.168907,
    "usdt_dominance": 6.197405193100208,
    "fed_net_liquidity": 5723762.107,
    "fed_net_liquidity_7d_change": 1.6338030182647594
  },
  "summary": {
    "total_metrics": 6,
    "successful": 6,
    "failed": 0
  }
}