{
  "timestamp": "2025-12-26T16:12:18.570868Z",
  "timestamp_unix": 1766765538,
  "metrics": {
    "us_10y_yield": 4.17,
    "us_10y_yield_7d_change": -0.477326968973758,
    "bitcoin_price": 87085.0,
    "stablecoin_mcap": 307452248725.4303,
    "rwa_tvl": 18328660477.31907,
    "usdt_dominance": 6.174981930815319,
    "fed_net_liquidity": 5723763.197,
    "fed_net_liquidity_7d_change": 1.633803478052132
  },
  "summary": {
    "total_metrics": 6,
    "successful": 6,
    "failed": 0
  }
}