{
  "timestamp": "2025-12-24T07:50:59.271773Z",
  "timestamp_unix": 1766562659,
  "metrics": {
    "us_10y_yield": 4.17,
    "us_10y_yield_7d_change": -0.477326968973758,
    "bitcoin_price": 87092.0,
    "stablecoin_mcap": 307807977369.5896,
    "rwa_tvl": 18294510546.894714,
    "usdt_dominance": 6.1670985794579485,
    "fed_net_liquidity": 5723762.107,
    "fed_net_liquidity_7d_change": 1.6338030182647594
  },
  "summary": {
    "total_metrics": 6,
    "successful": 6,
    "failed": 0
  }
}