{
  "timestamp": "2025-12-22T16:13:33.366945Z",
  "timestamp_unix": 1766420013,
  "metrics": {
    "us_10y_yield": 4.12,
    "us_10y_yield_7d_change": -0.24213075060532172,
    "bitcoin_price": 89817.0,
    "stablecoin_mcap": 308220738692.52136,
    "rwa_tvl": 18057855275.787086,
    "usdt_dominance": 5.980415759398036,
    "fed_net_liquidity": 5723764.953,
    "fed_net_liquidity_7d_change": 1.6338584798923583
  },
  "summary": {
    "total_metrics": 6,
    "successful": 6,
    "failed": 0
  }
}