{
  "timestamp": "2025-12-22T12:22:00.105462Z",
  "timestamp_unix": 1766406120,
  "metrics": {
    "us_10y_yield": 4.12,
    "us_10y_yield_7d_change": -0.24213075060532172,
    "bitcoin_price": 90101.0,
    "stablecoin_mcap": 307952278949.1277,
    "rwa_tvl": 18062919183.58188,
    "usdt_dominance": 5.979052244449192,
    "fed_net_liquidity": 5723764.953,
    "fed_net_liquidity_7d_change": 1.6338584798923583
  },
  "summary": {
    "total_metrics": 6,
    "successful": 6,
    "failed": 0
  }
}