{
  "timestamp": "2025-12-21T00:56:56.920465Z",
  "timestamp_unix": 1766278616,
  "metrics": {
    "us_10y_yield": 4.12,
    "us_10y_yield_7d_change": -0.24213075060532172,
    "bitcoin_price": 88311.0,
    "stablecoin_mcap": 308932471492.95166,
    "rwa_tvl": 18004590491.381107,
    "usdt_dominance": 6.066197808887608,
    "fed_net_liquidity": 5723764.953,
    "fed_net_liquidity_7d_change": 1.6338584798923583
  },
  "summary": {
    "total_metrics": 6,
    "successful": 6,
    "failed": 0
  }
}