{
  "timestamp": "2025-12-27T05:35:50.410440Z",
  "timestamp_unix": 1766813750,
  "metrics": {
    "us_10y_yield": 4.17,
    "us_10y_yield_7d_change": -0.477326968973758,
    "bitcoin_price": 87412.0,
    "stablecoin_mcap": 307470386103.366,
    "rwa_tvl": 18323029653.583466,
    "usdt_dominance": 6.154455924032935,
    "fed_net_liquidity": 5723747.661,
    "fed_net_liquidity_7d_change": 1.6337108583218622
  },
  "summary": {
    "total_metrics": 6,
    "successful": 6,
    "failed": 0
  }
}