{
  "timestamp": "2025-12-22T09:47:23.769752Z",
  "timestamp_unix": 1766396843,
  "metrics": {
    "us_10y_yield": 4.12,
    "us_10y_yield_7d_change": -0.24213075060532172,
    "bitcoin_price": 89568.0,
    "stablecoin_mcap": 309194350920.1859,
    "rwa_tvl": 18057639100.67142,
    "usdt_dominance": 6.003587851873105,
    "fed_net_liquidity": 5723764.953,
    "fed_net_liquidity_7d_change": 1.6338584798923583
  },
  "summary": {
    "total_metrics": 6,
    "successful": 6,
    "failed": 0
  }
}