{
  "timestamp": "2025-12-26T19:46:45.536266Z",
  "timestamp_unix": 1766778405,
  "metrics": {
    "us_10y_yield": 4.17,
    "us_10y_yield_7d_change": -0.477326968973758,
    "bitcoin_price": 87410.0,
    "stablecoin_mcap": 307237022330.21246,
    "rwa_tvl": 18315239561.839863,
    "usdt_dominance": 6.160183231054079,
    "fed_net_liquidity": 5723747.661,
    "fed_net_liquidity_7d_change": 1.6337108583218622
  },
  "summary": {
    "total_metrics": 6,
    "successful": 6,
    "failed": 0
  }
}