{
  "timestamp": "2025-12-27T19:08:25.994192Z",
  "timestamp_unix": 1766862505,
  "metrics": {
    "us_10y_yield": 4.17,
    "us_10y_yield_7d_change": -0.477326968973758,
    "bitcoin_price": 87455.0,
    "stablecoin_mcap": 307499688735.3168,
    "rwa_tvl": 18336270913.380543,
    "usdt_dominance": 6.138831827430937,
    "fed_net_liquidity": 5723747.661,
    "fed_net_liquidity_7d_change": 1.6337108583218622
  },
  "summary": {
    "total_metrics": 6,
    "successful": 6,
    "failed": 0
  }
}