{
  "timestamp": "2025-12-24T22:11:13.904806Z",
  "timestamp_unix": 1766614273,
  "metrics": {
    "us_10y_yield": 4.17,
    "us_10y_yield_7d_change": -0.477326968973758,
    "bitcoin_price": 87761.0,
    "stablecoin_mcap": 307588970245.3927,
    "rwa_tvl": 18304259643.900246,
    "usdt_dominance": 6.133681354922896,
    "fed_net_liquidity": 5723763.197,
    "fed_net_liquidity_7d_change": 1.633803478052132
  },
  "summary": {
    "total_metrics": 6,
    "successful": 6,
    "failed": 0
  }
}