{
  "timestamp": "2025-12-21T17:47:06.132150Z",
  "timestamp_unix": 1766339226,
  "metrics": {
    "us_10y_yield": 4.12,
    "us_10y_yield_7d_change": -0.24213075060532172,
    "bitcoin_price": 88356.0,
    "stablecoin_mcap": 309440194407.01245,
    "rwa_tvl": 18008733909.02992,
    "usdt_dominance": 6.072694683463686,
    "fed_net_liquidity": 5723764.953,
    "fed_net_liquidity_7d_change": 1.6338584798923583
  },
  "summary": {
    "total_metrics": 6,
    "successful": 6,
    "failed": 0
  }
}