{
  "timestamp": "2025-12-26T08:44:10.158294Z",
  "timestamp_unix": 1766738650,
  "metrics": {
    "us_10y_yield": 4.17,
    "us_10y_yield_7d_change": -0.477326968973758,
    "bitcoin_price": 88535.0,
    "stablecoin_mcap": 307576467163.7468,
    "rwa_tvl": 18313605985.586636,
    "usdt_dominance": 6.095323643305763,
    "fed_net_liquidity": 5723763.197,
    "fed_net_liquidity_7d_change": 1.633803478052132
  },
  "summary": {
    "total_metrics": 6,
    "successful": 6,
    "failed": 0
  }
}