{
  "timestamp": "2025-12-25T16:55:44.392766Z",
  "timestamp_unix": 1766681744,
  "metrics": {
    "us_10y_yield": 4.17,
    "us_10y_yield_7d_change": -0.477326968973758,
    "bitcoin_price": 88063.0,
    "stablecoin_mcap": 307511594788.19775,
    "rwa_tvl": 18317206361.51124,
    "usdt_dominance": 6.102756446637369,
    "fed_net_liquidity": 5723763.197,
    "fed_net_liquidity_7d_change": 1.633803478052132
  },
  "summary": {
    "total_metrics": 6,
    "successful": 6,
    "failed": 0
  }
}