{
  "timestamp": "2025-12-22T05:16:30.920337Z",
  "timestamp_unix": 1766380590,
  "metrics": {
    "us_10y_yield": 4.12,
    "us_10y_yield_7d_change": -0.24213075060532172,
    "bitcoin_price": 88804.0,
    "stablecoin_mcap": 309303645525.28015,
    "rwa_tvl": 18042833036.549896,
    "usdt_dominance": 6.032096738597765,
    "fed_net_liquidity": 5723764.953,
    "fed_net_liquidity_7d_change": 1.6338584798923583
  },
  "summary": {
    "total_metrics": 6,
    "successful": 6,
    "failed": 0
  }
}