{
  "timestamp": "2025-12-22T23:49:05.793678Z",
  "timestamp_unix": 1766447345,
  "metrics": {
    "us_10y_yield": 4.16,
    "us_10y_yield_7d_change": 0.48309178743962466,
    "bitcoin_price": 88440.0,
    "stablecoin_mcap": 308226410454.55286,
    "rwa_tvl": 18091555392.635826,
    "usdt_dominance": 6.060858260845655,
    "fed_net_liquidity": 5723766.477,
    "fed_net_liquidity_7d_change": 1.6338487979080996
  },
  "summary": {
    "total_metrics": 6,
    "successful": 6,
    "failed": 0
  }
}