{
  "timestamp": "2025-12-24T15:11:58.605118Z",
  "timestamp_unix": 1766589118,
  "metrics": {
    "us_10y_yield": 4.17,
    "us_10y_yield_7d_change": -0.477326968973758,
    "bitcoin_price": 86932.0,
    "stablecoin_mcap": 307724607739.5223,
    "rwa_tvl": 18294611075.542126,
    "usdt_dominance": 6.171293526688394,
    "fed_net_liquidity": 5723762.107,
    "fed_net_liquidity_7d_change": 1.6338030182647594
  },
  "summary": {
    "total_metrics": 6,
    "successful": 6,
    "failed": 0
  }
}