{
  "timestamp": "2025-12-22T22:34:40.594101Z",
  "timestamp_unix": 1766442880,
  "metrics": {
    "us_10y_yield": 4.16,
    "us_10y_yield_7d_change": 0.48309178743962466,
    "bitcoin_price": 88325.0,
    "stablecoin_mcap": 308202119276.1787,
    "rwa_tvl": 18083047659.964527,
    "usdt_dominance": 6.069211758533442,
    "fed_net_liquidity": 5723766.477,
    "fed_net_liquidity_7d_change": 1.6338487979080996
  },
  "summary": {
    "total_metrics": 6,
    "successful": 6,
    "failed": 0
  }
}