{
  "timestamp": "2025-12-26T07:48:12.806319Z",
  "timestamp_unix": 1766735292,
  "metrics": {
    "us_10y_yield": 4.17,
    "us_10y_yield_7d_change": -0.477326968973758,
    "bitcoin_price": 88708.0,
    "stablecoin_mcap": 307512829321.1868,
    "rwa_tvl": 18313877204.540485,
    "usdt_dominance": 6.087265800923921,
    "fed_net_liquidity": 5723763.197,
    "fed_net_liquidity_7d_change": 1.633803478052132
  },
  "summary": {
    "total_metrics": 6,
    "successful": 6,
    "failed": 0
  }
}