{
  "timestamp": "2025-12-27T10:49:54.573438Z",
  "timestamp_unix": 1766832594,
  "metrics": {
    "us_10y_yield": 4.17,
    "us_10y_yield_7d_change": -0.477326968973758,
    "bitcoin_price": 87410.0,
    "stablecoin_mcap": 307657124673.9959,
    "rwa_tvl": 18327816195.41933,
    "usdt_dominance": 6.15129597587394,
    "fed_net_liquidity": 5723747.661,
    "fed_net_liquidity_7d_change": 1.6337108583218622
  },
  "summary": {
    "total_metrics": 6,
    "successful": 6,
    "failed": 0
  }
}