{
  "timestamp": "2025-12-25T23:30:05.347809Z",
  "timestamp_unix": 1766705405,
  "metrics": {
    "us_10y_yield": 4.17,
    "us_10y_yield_7d_change": -0.477326968973758,
    "bitcoin_price": 87454.0,
    "stablecoin_mcap": 307395749970.1204,
    "rwa_tvl": 18320419847.95256,
    "usdt_dominance": 6.158623586673434,
    "fed_net_liquidity": 5723763.197,
    "fed_net_liquidity_7d_change": 1.633803478052132
  },
  "summary": {
    "total_metrics": 6,
    "successful": 6,
    "failed": 0
  }
}