{
  "timestamp": "2025-12-25T11:27:42.984687Z",
  "timestamp_unix": 1766662062,
  "metrics": {
    "us_10y_yield": 4.17,
    "us_10y_yield_7d_change": -0.477326968973758,
    "bitcoin_price": 87416.0,
    "stablecoin_mcap": 307429890103.2946,
    "rwa_tvl": 18306246128.599632,
    "usdt_dominance": 6.154622391061828,
    "fed_net_liquidity": 5723763.197,
    "fed_net_liquidity_7d_change": 1.633803478052132
  },
  "summary": {
    "total_metrics": 6,
    "successful": 6,
    "failed": 0
  }
}