{
  "timestamp": "2025-12-24T03:52:52.200423Z",
  "timestamp_unix": 1766548372,
  "metrics": {
    "us_10y_yield": 4.17,
    "us_10y_yield_7d_change": -0.477326968973758,
    "bitcoin_price": 87322.0,
    "stablecoin_mcap": 308092292332.77405,
    "rwa_tvl": 18322008492.90183,
    "usdt_dominance": 6.158683681100326,
    "fed_net_liquidity": 5723762.107,
    "fed_net_liquidity_7d_change": 1.6338030182647594
  },
  "summary": {
    "total_metrics": 6,
    "successful": 6,
    "failed": 0
  }
}