{
  "timestamp": "2025-12-27T23:48:08.875128Z",
  "timestamp_unix": 1766879288,
  "metrics": {
    "us_10y_yield": 4.17,
    "us_10y_yield_7d_change": -0.477326968973758,
    "bitcoin_price": 87626.0,
    "stablecoin_mcap": 307344535881.27344,
    "rwa_tvl": 18335128975.846664,
    "usdt_dominance": 6.116517622376703,
    "fed_net_liquidity": 5723747.661,
    "fed_net_liquidity_7d_change": 1.6337108583218622
  },
  "summary": {
    "total_metrics": 6,
    "successful": 6,
    "failed": 0
  }
}