{
  "timestamp": "2025-12-26T09:41:28.376556Z",
  "timestamp_unix": 1766742088,
  "metrics": {
    "us_10y_yield": 4.17,
    "us_10y_yield_7d_change": -0.477326968973758,
    "bitcoin_price": 88697.0,
    "stablecoin_mcap": 307661052806.84125,
    "rwa_tvl": 18322831854.213356,
    "usdt_dominance": 6.086577350765922,
    "fed_net_liquidity": 5723763.197,
    "fed_net_liquidity_7d_change": 1.633803478052132
  },
  "summary": {
    "total_metrics": 6,
    "successful": 6,
    "failed": 0
  }
}