{
  "timestamp": "2025-12-23T20:50:45.416531Z",
  "timestamp_unix": 1766523045,
  "metrics": {
    "us_10y_yield": 4.16,
    "us_10y_yield_7d_change": 0.48309178743962466,
    "bitcoin_price": 88051.0,
    "stablecoin_mcap": 308254075792.8021,
    "rwa_tvl": 18284419721.130707,
    "usdt_dominance": 6.093882438692423,
    "fed_net_liquidity": 5723762.107,
    "fed_net_liquidity_7d_change": 1.6338030182647594
  },
  "summary": {
    "total_metrics": 6,
    "successful": 6,
    "failed": 0
  }
}