{
  "timestamp": "2025-12-26T20:11:43.963063Z",
  "timestamp_unix": 1766779903,
  "metrics": {
    "us_10y_yield": 4.17,
    "us_10y_yield_7d_change": -0.477326968973758,
    "bitcoin_price": 87436.0,
    "stablecoin_mcap": 307493865623.7981,
    "rwa_tvl": 18318518254.77303,
    "usdt_dominance": 6.160452299770306,
    "fed_net_liquidity": 5723747.661,
    "fed_net_liquidity_7d_change": 1.6337108583218622
  },
  "summary": {
    "total_metrics": 6,
    "successful": 6,
    "failed": 0
  }
}