{
  "timestamp": "2025-12-24T18:48:45.980611Z",
  "timestamp_unix": 1766602125,
  "metrics": {
    "us_10y_yield": 4.17,
    "us_10y_yield_7d_change": -0.477326968973758,
    "bitcoin_price": 87387.0,
    "stablecoin_mcap": 307685744349.0074,
    "rwa_tvl": 18265910554.834713,
    "usdt_dominance": 6.15036867615734,
    "fed_net_liquidity": 5723762.107,
    "fed_net_liquidity_7d_change": 1.6338030182647594
  },
  "summary": {
    "total_metrics": 6,
    "successful": 6,
    "failed": 0
  }
}