{
  "timestamp": "2025-12-27T16:37:50.398769Z",
  "timestamp_unix": 1766853470,
  "metrics": {
    "us_10y_yield": 4.17,
    "us_10y_yield_7d_change": -0.477326968973758,
    "bitcoin_price": 87472.0,
    "stablecoin_mcap": 307479740095.32495,
    "rwa_tvl": 18339712675.711536,
    "usdt_dominance": 6.146138433345928,
    "fed_net_liquidity": 5723747.661,
    "fed_net_liquidity_7d_change": 1.6337108583218622
  },
  "summary": {
    "total_metrics": 6,
    "successful": 6,
    "failed": 0
  }
}