{
  "timestamp": "2025-12-20T05:27:45.774851Z",
  "timestamp_unix": 1766179665,
  "metrics": {
    "us_10y_yield": 4.12,
    "us_10y_yield_7d_change": -0.24213075060532172,
    "bitcoin_price": 88371.0,
    "stablecoin_mcap": 308285950977.3502,
    "rwa_tvl": 17986205983.55621,
    "usdt_dominance": 6.057013141005829,
    "fed_net_liquidity": 5723764.953,
    "fed_net_liquidity_7d_change": 1.6338584798923583
  },
  "summary": {
    "total_metrics": 6,
    "successful": 6,
    "failed": 0
  }
}