{
  "timestamp": "2025-12-27T09:11:12.362863Z",
  "timestamp_unix": 1766826672,
  "metrics": {
    "us_10y_yield": 4.17,
    "us_10y_yield_7d_change": -0.477326968973758,
    "bitcoin_price": 87568.0,
    "stablecoin_mcap": 307487388283.0865,
    "rwa_tvl": 18325688471.396866,
    "usdt_dominance": 6.141800117678697,
    "fed_net_liquidity": 5723747.661,
    "fed_net_liquidity_7d_change": 1.6337108583218622
  },
  "summary": {
    "total_metrics": 6,
    "successful": 6,
    "failed": 0
  }
}