{
  "timestamp": "2025-12-26T07:33:47.406672Z",
  "timestamp_unix": 1766734427,
  "metrics": {
    "us_10y_yield": 4.17,
    "us_10y_yield_7d_change": -0.477326968973758,
    "bitcoin_price": 89216.0,
    "stablecoin_mcap": 307512829321.1868,
    "rwa_tvl": 18315093940.130104,
    "usdt_dominance": 6.047173056930279,
    "fed_net_liquidity": 5723763.197,
    "fed_net_liquidity_7d_change": 1.633803478052132
  },
  "summary": {
    "total_metrics": 6,
    "successful": 6,
    "failed": 0
  }
}