{
  "timestamp": "2025-12-23T15:12:05.629807Z",
  "timestamp_unix": 1766502725,
  "metrics": {
    "us_10y_yield": 4.16,
    "us_10y_yield_7d_change": 0.48309178743962466,
    "bitcoin_price": 86989.0,
    "stablecoin_mcap": 308389933124.3836,
    "rwa_tvl": 18276792971.910946,
    "usdt_dominance": 6.174845421115508,
    "fed_net_liquidity": 5723766.477,
    "fed_net_liquidity_7d_change": 1.6338487979080996
  },
  "summary": {
    "total_metrics": 6,
    "successful": 6,
    "failed": 0
  }
}