{
  "timestamp": "2025-12-24T09:42:25.880071Z",
  "timestamp_unix": 1766569345,
  "metrics": {
    "us_10y_yield": 4.17,
    "us_10y_yield_7d_change": -0.477326968973758,
    "bitcoin_price": 86690.0,
    "stablecoin_mcap": 307618661529.10547,
    "rwa_tvl": 18286447747.390156,
    "usdt_dominance": 6.189704890662349,
    "fed_net_liquidity": 5723762.107,
    "fed_net_liquidity_7d_change": 1.6338030182647594
  },
  "summary": {
    "total_metrics": 6,
    "successful": 6,
    "failed": 0
  }
}