{
  "timestamp": "2025-12-23T06:54:13.981330Z",
  "timestamp_unix": 1766472853,
  "metrics": {
    "us_10y_yield": 4.16,
    "us_10y_yield_7d_change": 0.48309178743962466,
    "bitcoin_price": 87323.0,
    "stablecoin_mcap": 308188368576.5791,
    "rwa_tvl": 18218403535.92858,
    "usdt_dominance": 6.1392780545650405,
    "fed_net_liquidity": 5723766.477,
    "fed_net_liquidity_7d_change": 1.6338487979080996
  },
  "summary": {
    "total_metrics": 6,
    "successful": 6,
    "failed": 0
  }
}