{
  "timestamp": "2025-12-25T19:08:36.052632Z",
  "timestamp_unix": 1766689716,
  "metrics": {
    "us_10y_yield": 4.17,
    "us_10y_yield_7d_change": -0.477326968973758,
    "bitcoin_price": 88141.0,
    "stablecoin_mcap": 307507011167.001,
    "rwa_tvl": 18327965868.931416,
    "usdt_dominance": 6.110167756222152,
    "fed_net_liquidity": 5723763.197,
    "fed_net_liquidity_7d_change": 1.633803478052132
  },
  "summary": {
    "total_metrics": 6,
    "successful": 6,
    "failed": 0
  }
}