{
  "timestamp": "2025-12-25T08:47:52.723367Z",
  "timestamp_unix": 1766652472,
  "metrics": {
    "us_10y_yield": 4.17,
    "us_10y_yield_7d_change": -0.477326968973758,
    "bitcoin_price": 87438.0,
    "stablecoin_mcap": 307377379217.8677,
    "rwa_tvl": 18315978361.058144,
    "usdt_dominance": 6.146691441554841,
    "fed_net_liquidity": 5723763.197,
    "fed_net_liquidity_7d_change": 1.633803478052132
  },
  "summary": {
    "total_metrics": 6,
    "successful": 6,
    "failed": 0
  }
}