{
  "timestamp": "2025-12-21T19:32:33.866448Z",
  "timestamp_unix": 1766345553,
  "metrics": {
    "us_10y_yield": 4.12,
    "us_10y_yield_7d_change": -0.24213075060532172,
    "bitcoin_price": 88322.0,
    "stablecoin_mcap": 309411140137.87195,
    "rwa_tvl": 18013110213.00901,
    "usdt_dominance": 6.071707277272645,
    "fed_net_liquidity": 5723764.953,
    "fed_net_liquidity_7d_change": 1.6338584798923583
  },
  "summary": {
    "total_metrics": 6,
    "successful": 6,
    "failed": 0
  }
}