{
  "timestamp": "2025-12-26T10:36:59.042216Z",
  "timestamp_unix": 1766745419,
  "metrics": {
    "us_10y_yield": 4.17,
    "us_10y_yield_7d_change": -0.477326968973758,
    "bitcoin_price": 88644.0,
    "stablecoin_mcap": 307652862871.7487,
    "rwa_tvl": 18328659652.20012,
    "usdt_dominance": 6.084021099476258,
    "fed_net_liquidity": 5723763.197,
    "fed_net_liquidity_7d_change": 1.633803478052132
  },
  "summary": {
    "total_metrics": 6,
    "successful": 6,
    "failed": 0
  }
}