{
  "timestamp": "2025-12-22T14:35:53.229648Z",
  "timestamp_unix": 1766414153,
  "metrics": {
    "us_10y_yield": 4.12,
    "us_10y_yield_7d_change": -0.24213075060532172,
    "bitcoin_price": 89798.0,
    "stablecoin_mcap": 308069501333.20374,
    "rwa_tvl": 18059682710.103207,
    "usdt_dominance": 5.971224528423299,
    "fed_net_liquidity": 5723764.953,
    "fed_net_liquidity_7d_change": 1.6338584798923583
  },
  "summary": {
    "total_metrics": 6,
    "successful": 6,
    "failed": 0
  }
}