{
  "timestamp": "2025-12-23T23:29:36.559741Z",
  "timestamp_unix": 1766532576,
  "metrics": {
    "us_10y_yield": 4.17,
    "us_10y_yield_7d_change": -0.477326968973758,
    "bitcoin_price": 87278.0,
    "stablecoin_mcap": 308273402885.62445,
    "rwa_tvl": 18292342390.03944,
    "usdt_dominance": 6.144522434096243,
    "fed_net_liquidity": 5723762.107,
    "fed_net_liquidity_7d_change": 1.6338030182647594
  },
  "summary": {
    "total_metrics": 6,
    "successful": 6,
    "failed": 0
  }
}