{
  "timestamp": "2025-12-25T21:47:28.619637Z",
  "timestamp_unix": 1766699248,
  "metrics": {
    "us_10y_yield": 4.17,
    "us_10y_yield_7d_change": -0.477326968973758,
    "bitcoin_price": 87898.0,
    "stablecoin_mcap": 307458564992.4042,
    "rwa_tvl": 18310255150.37482,
    "usdt_dominance": 6.122486980078891,
    "fed_net_liquidity": 5723763.197,
    "fed_net_liquidity_7d_change": 1.633803478052132
  },
  "summary": {
    "total_metrics": 6,
    "successful": 6,
    "failed": 0
  }
}