{
  "timestamp": "2025-12-27T04:49:51.314161Z",
  "timestamp_unix": 1766810991,
  "metrics": {
    "us_10y_yield": 4.17,
    "us_10y_yield_7d_change": -0.477326968973758,
    "bitcoin_price": 87414.0,
    "stablecoin_mcap": 307458135037.4987,
    "rwa_tvl": 18324056716.287888,
    "usdt_dominance": 6.151826879721171,
    "fed_net_liquidity": 5723747.661,
    "fed_net_liquidity_7d_change": 1.6337108583218622
  },
  "summary": {
    "total_metrics": 6,
    "successful": 6,
    "failed": 0
  }
}