{
  "timestamp": "2025-12-22T15:51:19.116946Z",
  "timestamp_unix": 1766418679,
  "metrics": {
    "us_10y_yield": 4.12,
    "us_10y_yield_7d_change": -0.24213075060532172,
    "bitcoin_price": 89454.0,
    "stablecoin_mcap": 308206567510.9894,
    "rwa_tvl": 18057855275.787086,
    "usdt_dominance": 6.016316913726349,
    "fed_net_liquidity": 5723764.953,
    "fed_net_liquidity_7d_change": 1.6338584798923583
  },
  "summary": {
    "total_metrics": 6,
    "successful": 6,
    "failed": 0
  }
}