{
  "timestamp": "2025-12-25T12:20:50.967009Z",
  "timestamp_unix": 1766665250,
  "metrics": {
    "us_10y_yield": 4.17,
    "us_10y_yield_7d_change": -0.477326968973758,
    "bitcoin_price": 87473.0,
    "stablecoin_mcap": 307474764137.18134,
    "rwa_tvl": 18315148029.60518,
    "usdt_dominance": 6.154756967013646,
    "fed_net_liquidity": 5723763.197,
    "fed_net_liquidity_7d_change": 1.633803478052132
  },
  "summary": {
    "total_metrics": 6,
    "successful": 6,
    "failed": 0
  }
}