{
  "timestamp": "2025-12-21T21:09:15.941458Z",
  "timestamp_unix": 1766351355,
  "metrics": {
    "us_10y_yield": 4.12,
    "us_10y_yield_7d_change": -0.24213075060532172,
    "bitcoin_price": 88233.0,
    "stablecoin_mcap": 309383547922.3075,
    "rwa_tvl": 18013369707.77431,
    "usdt_dominance": 6.07877225065164,
    "fed_net_liquidity": 5723764.953,
    "fed_net_liquidity_7d_change": 1.6338584798923583
  },
  "summary": {
    "total_metrics": 6,
    "successful": 6,
    "failed": 0
  }
}