{
  "timestamp": "2025-12-27T15:10:16.302247Z",
  "timestamp_unix": 1766848216,
  "metrics": {
    "us_10y_yield": 4.17,
    "us_10y_yield_7d_change": -0.477326968973758,
    "bitcoin_price": 87488.0,
    "stablecoin_mcap": 307482082089.89636,
    "rwa_tvl": 18334968021.8653,
    "usdt_dominance": 6.1417149059220915,
    "fed_net_liquidity": 5723747.661,
    "fed_net_liquidity_7d_change": 1.6337108583218622
  },
  "summary": {
    "total_metrics": 6,
    "successful": 6,
    "failed": 0
  }
}