{
  "timestamp": "2025-12-23T06:18:27.242449Z",
  "timestamp_unix": 1766470707,
  "metrics": {
    "us_10y_yield": 4.16,
    "us_10y_yield_7d_change": 0.48309178743962466,
    "bitcoin_price": 87502.0,
    "stablecoin_mcap": 308194249341.0545,
    "rwa_tvl": 18232548420.680428,
    "usdt_dominance": 6.124894231696164,
    "fed_net_liquidity": 5723766.477,
    "fed_net_liquidity_7d_change": 1.6338487979080996
  },
  "summary": {
    "total_metrics": 6,
    "successful": 6,
    "failed": 0
  }
}