{
  "timestamp": "2025-12-22T13:45:30.395915Z",
  "timestamp_unix": 1766411130,
  "metrics": {
    "us_10y_yield": 4.12,
    "us_10y_yield_7d_change": -0.24213075060532172,
    "bitcoin_price": 89751.0,
    "stablecoin_mcap": 308061940761.0759,
    "rwa_tvl": 18059560111.3623,
    "usdt_dominance": 5.986279940181972,
    "fed_net_liquidity": 5723764.953,
    "fed_net_liquidity_7d_change": 1.6338584798923583
  },
  "summary": {
    "total_metrics": 6,
    "successful": 6,
    "failed": 0
  }
}