{
  "timestamp": "2025-12-22T21:40:03.430001Z",
  "timestamp_unix": 1766439603,
  "metrics": {
    "us_10y_yield": 4.16,
    "us_10y_yield_7d_change": 0.48309178743962466,
    "bitcoin_price": 88456.0,
    "stablecoin_mcap": 308226607638.4817,
    "rwa_tvl": 18070785007.386505,
    "usdt_dominance": 6.065688525703846,
    "fed_net_liquidity": 5723766.477,
    "fed_net_liquidity_7d_change": 1.6338487979080996
  },
  "summary": {
    "total_metrics": 6,
    "successful": 6,
    "failed": 0
  }
}