{
  "timestamp": "2025-12-26T05:13:59.303465Z",
  "timestamp_unix": 1766726039,
  "metrics": {
    "us_10y_yield": 4.17,
    "us_10y_yield_7d_change": -0.477326968973758,
    "bitcoin_price": 88886.0,
    "stablecoin_mcap": 307556832729.6737,
    "rwa_tvl": 18333163377.758495,
    "usdt_dominance": 6.076112426071731,
    "fed_net_liquidity": 5723763.197,
    "fed_net_liquidity_7d_change": 1.633803478052132
  },
  "summary": {
    "total_metrics": 6,
    "successful": 6,
    "failed": 0
  }
}