{
  "timestamp": "2025-12-20T21:46:48.003602Z",
  "timestamp_unix": 1766267208,
  "metrics": {
    "us_10y_yield": 4.12,
    "us_10y_yield_7d_change": -0.24213075060532172,
    "bitcoin_price": 88256.0,
    "stablecoin_mcap": 308803085236.4671,
    "rwa_tvl": 18004557028.68578,
    "usdt_dominance": 6.049647308416259,
    "fed_net_liquidity": 5723764.953,
    "fed_net_liquidity_7d_change": 1.6338584798923583
  },
  "summary": {
    "total_metrics": 6,
    "successful": 6,
    "failed": 0
  }
}