{
  "timestamp": "2025-12-23T19:27:45.744434Z",
  "timestamp_unix": 1766518065,
  "metrics": {
    "us_10y_yield": 4.16,
    "us_10y_yield_7d_change": 0.48309178743962466,
    "bitcoin_price": 87709.0,
    "stablecoin_mcap": 308313180175.6361,
    "rwa_tvl": 18285454080.71514,
    "usdt_dominance": 6.1347706099136445,
    "fed_net_liquidity": 5723762.107,
    "fed_net_liquidity_7d_change": 1.6338030182647594
  },
  "summary": {
    "total_metrics": 6,
    "successful": 6,
    "failed": 0
  }
}