{
  "timestamp": "2025-12-26T15:49:36.365465Z",
  "timestamp_unix": 1766764176,
  "metrics": {
    "us_10y_yield": 4.17,
    "us_10y_yield_7d_change": -0.477326968973758,
    "bitcoin_price": 87105.0,
    "stablecoin_mcap": 307396293440.90985,
    "rwa_tvl": 18328261740.93363,
    "usdt_dominance": 6.172275757305365,
    "fed_net_liquidity": 5723763.197,
    "fed_net_liquidity_7d_change": 1.633803478052132
  },
  "summary": {
    "total_metrics": 6,
    "successful": 6,
    "failed": 0
  }
}