{
  "timestamp": "2025-12-22T13:07:23.338814Z",
  "timestamp_unix": 1766408843,
  "metrics": {
    "us_10y_yield": 4.12,
    "us_10y_yield_7d_change": -0.24213075060532172,
    "bitcoin_price": 90224.0,
    "stablecoin_mcap": 308146277240.14355,
    "rwa_tvl": 18059426850.007526,
    "usdt_dominance": 5.962632811827701,
    "fed_net_liquidity": 5723764.953,
    "fed_net_liquidity_7d_change": 1.6338584798923583
  },
  "summary": {
    "total_metrics": 6,
    "successful": 6,
    "failed": 0
  }
}