{
  "timestamp": "2025-12-24T19:25:56.868018Z",
  "timestamp_unix": 1766604356,
  "metrics": {
    "us_10y_yield": 4.17,
    "us_10y_yield_7d_change": -0.477326968973758,
    "bitcoin_price": 87359.0,
    "stablecoin_mcap": 307729863614.0929,
    "rwa_tvl": 18286995430.718006,
    "usdt_dominance": 6.153137223031424,
    "fed_net_liquidity": 5723763.197,
    "fed_net_liquidity_7d_change": 1.633803478052132
  },
  "summary": {
    "total_metrics": 6,
    "successful": 6,
    "failed": 0
  }
}