{
  "timestamp": "2025-12-22T22:11:07.201134Z",
  "timestamp_unix": 1766441467,
  "metrics": {
    "us_10y_yield": 4.16,
    "us_10y_yield_7d_change": 0.48309178743962466,
    "bitcoin_price": 88142.0,
    "stablecoin_mcap": 308226607638.4817,
    "rwa_tvl": 18082882378.881878,
    "usdt_dominance": 6.079742933131988,
    "fed_net_liquidity": 5723766.477,
    "fed_net_liquidity_7d_change": 1.6338487979080996
  },
  "summary": {
    "total_metrics": 6,
    "successful": 6,
    "failed": 0
  }
}