{
  "timestamp": "2025-12-27T21:37:56.668130Z",
  "timestamp_unix": 1766871476,
  "metrics": {
    "us_10y_yield": 4.17,
    "us_10y_yield_7d_change": -0.477326968973758,
    "bitcoin_price": 87610.0,
    "stablecoin_mcap": 307376974435.5516,
    "rwa_tvl": 18349089600.59573,
    "usdt_dominance": 6.125652438380365,
    "fed_net_liquidity": 5723747.661,
    "fed_net_liquidity_7d_change": 1.6337108583218622
  },
  "summary": {
    "total_metrics": 6,
    "successful": 6,
    "failed": 0
  }
}