{
  "timestamp": "2025-12-25T17:48:00.667701Z",
  "timestamp_unix": 1766684880,
  "metrics": {
    "us_10y_yield": 4.17,
    "us_10y_yield_7d_change": -0.477326968973758,
    "bitcoin_price": 87994.0,
    "stablecoin_mcap": 307487892975.999,
    "rwa_tvl": 18316601432.854164,
    "usdt_dominance": 6.123188494080786,
    "fed_net_liquidity": 5723763.197,
    "fed_net_liquidity_7d_change": 1.633803478052132
  },
  "summary": {
    "total_metrics": 6,
    "successful": 6,
    "failed": 0
  }
}