{
  "timestamp": "2025-12-27T19:32:46.283298Z",
  "timestamp_unix": 1766863966,
  "metrics": {
    "us_10y_yield": 4.17,
    "us_10y_yield_7d_change": -0.477326968973758,
    "bitcoin_price": 87501.0,
    "stablecoin_mcap": 307242501573.98975,
    "rwa_tvl": 18336253208.759117,
    "usdt_dominance": 6.136243172280902,
    "fed_net_liquidity": 5723747.661,
    "fed_net_liquidity_7d_change": 1.6337108583218622
  },
  "summary": {
    "total_metrics": 6,
    "successful": 6,
    "failed": 0
  }
}