{
  "timestamp": "2025-12-22T15:12:04.010244Z",
  "timestamp_unix": 1766416324,
  "metrics": {
    "us_10y_yield": 4.12,
    "us_10y_yield_7d_change": -0.24213075060532172,
    "bitcoin_price": 90223.0,
    "stablecoin_mcap": 308069501333.20374,
    "rwa_tvl": 18055905322.40609,
    "usdt_dominance": 5.974652494393645,
    "fed_net_liquidity": 5723764.953,
    "fed_net_liquidity_7d_change": 1.6338584798923583
  },
  "summary": {
    "total_metrics": 6,
    "successful": 6,
    "failed": 0
  }
}