{
  "timestamp": "2025-12-25T10:37:01.027909Z",
  "timestamp_unix": 1766659021,
  "metrics": {
    "us_10y_yield": 4.17,
    "us_10y_yield_7d_change": -0.477326968973758,
    "bitcoin_price": 87355.0,
    "stablecoin_mcap": 307429890103.2946,
    "rwa_tvl": 18303592966.93055,
    "usdt_dominance": 6.156243723627508,
    "fed_net_liquidity": 5723763.197,
    "fed_net_liquidity_7d_change": 1.633803478052132
  },
  "summary": {
    "total_metrics": 6,
    "successful": 6,
    "failed": 0
  }
}