{
  "timestamp": "2025-12-26T21:09:38.849859Z",
  "timestamp_unix": 1766783378,
  "metrics": {
    "us_10y_yield": 4.17,
    "us_10y_yield_7d_change": -0.477326968973758,
    "bitcoin_price": 87501.0,
    "stablecoin_mcap": 307351949966.0175,
    "rwa_tvl": 18311425213.259777,
    "usdt_dominance": 6.15339347775916,
    "fed_net_liquidity": 5723747.661,
    "fed_net_liquidity_7d_change": 1.6337108583218622
  },
  "summary": {
    "total_metrics": 6,
    "successful": 6,
    "failed": 0
  }
}