{
  "timestamp": "2025-12-25T13:42:27.802227Z",
  "timestamp_unix": 1766670147,
  "metrics": {
    "us_10y_yield": 4.17,
    "us_10y_yield_7d_change": -0.477326968973758,
    "bitcoin_price": 87451.0,
    "stablecoin_mcap": 307524051210.67096,
    "rwa_tvl": 18320203409.789288,
    "usdt_dominance": 6.157855600150393,
    "fed_net_liquidity": 5723763.197,
    "fed_net_liquidity_7d_change": 1.633803478052132
  },
  "summary": {
    "total_metrics": 6,
    "successful": 6,
    "failed": 0
  }
}