{
  "timestamp": "2025-12-20T23:10:15.260602Z",
  "timestamp_unix": 1766272215,
  "metrics": {
    "us_10y_yield": 4.12,
    "us_10y_yield_7d_change": -0.24213075060532172,
    "bitcoin_price": 88270.0,
    "stablecoin_mcap": 308810947509.14386,
    "rwa_tvl": 18004914545.629307,
    "usdt_dominance": 6.051755007038591,
    "fed_net_liquidity": 5723764.953,
    "fed_net_liquidity_7d_change": 1.6338584798923583
  },
  "summary": {
    "total_metrics": 6,
    "successful": 6,
    "failed": 0
  }
}