{
  "timestamp": "2025-12-24T00:53:07.229813Z",
  "timestamp_unix": 1766537587,
  "metrics": {
    "us_10y_yield": 4.17,
    "us_10y_yield_7d_change": -0.477326968973758,
    "bitcoin_price": 87526.0,
    "stablecoin_mcap": 307923372676.2636,
    "rwa_tvl": 18297249943.487015,
    "usdt_dominance": null,
    "fed_net_liquidity": 5723762.107,
    "fed_net_liquidity_7d_change": 1.6338030182647594
  },
  "summary": {
    "total_metrics": 6,
    "successful": 5,
    "failed": 1
  }
}