{
  "timestamp": "2025-12-25T05:44:27.240205Z",
  "timestamp_unix": 1766641467,
  "metrics": {
    "us_10y_yield": 4.17,
    "us_10y_yield_7d_change": -0.477326968973758,
    "bitcoin_price": 87687.0,
    "stablecoin_mcap": 307570321610.6451,
    "rwa_tvl": 18307131362.568707,
    "usdt_dominance": 6.129250799564795,
    "fed_net_liquidity": 5723763.197,
    "fed_net_liquidity_7d_change": 1.633803478052132
  },
  "summary": {
    "total_metrics": 6,
    "successful": 6,
    "failed": 0
  }
}