{
  "timestamp": "2025-12-24T21:47:19.265434Z",
  "timestamp_unix": 1766612839,
  "metrics": {
    "us_10y_yield": 4.17,
    "us_10y_yield_7d_change": -0.477326968973758,
    "bitcoin_price": 87664.0,
    "stablecoin_mcap": 307407047430.82733,
    "rwa_tvl": 18304259643.900246,
    "usdt_dominance": 6.1299906945569465,
    "fed_net_liquidity": 5723763.197,
    "fed_net_liquidity_7d_change": 1.633803478052132
  },
  "summary": {
    "total_metrics": 6,
    "successful": 6,
    "failed": 0
  }
}