{
  "timestamp": "2025-12-27T11:34:54.224577Z",
  "timestamp_unix": 1766835294,
  "metrics": {
    "us_10y_yield": 4.17,
    "us_10y_yield_7d_change": -0.477326968973758,
    "bitcoin_price": 87468.0,
    "stablecoin_mcap": 307658887023.95905,
    "rwa_tvl": 18328333768.494465,
    "usdt_dominance": 6.147360748432708,
    "fed_net_liquidity": 5723747.661,
    "fed_net_liquidity_7d_change": 1.6337108583218622
  },
  "summary": {
    "total_metrics": 6,
    "successful": 6,
    "failed": 0
  }
}