{
  "timestamp": "2025-12-27T22:32:58.343318Z",
  "timestamp_unix": 1766874778,
  "metrics": {
    "us_10y_yield": 4.17,
    "us_10y_yield_7d_change": -0.477326968973758,
    "bitcoin_price": 87618.0,
    "stablecoin_mcap": 307395607381.4296,
    "rwa_tvl": 18348381223.838108,
    "usdt_dominance": 6.118203606872421,
    "fed_net_liquidity": 5723747.661,
    "fed_net_liquidity_7d_change": 1.6337108583218622
  },
  "summary": {
    "total_metrics": 6,
    "successful": 6,
    "failed": 0
  }
}