{
  "timestamp": "2025-12-25T07:33:23.363799Z",
  "timestamp_unix": 1766648003,
  "metrics": {
    "us_10y_yield": 4.17,
    "us_10y_yield_7d_change": -0.477326968973758,
    "bitcoin_price": 87738.0,
    "stablecoin_mcap": 307409570947.94476,
    "rwa_tvl": 18315366147.817802,
    "usdt_dominance": 6.128665368182368,
    "fed_net_liquidity": 5723763.197,
    "fed_net_liquidity_7d_change": 1.633803478052132
  },
  "summary": {
    "total_metrics": 6,
    "successful": 6,
    "failed": 0
  }
}