{
  "timestamp": "2025-12-27T07:47:17.237095Z",
  "timestamp_unix": 1766821637,
  "metrics": {
    "us_10y_yield": 4.17,
    "us_10y_yield_7d_change": -0.477326968973758,
    "bitcoin_price": 87482.0,
    "stablecoin_mcap": 307502945832.7954,
    "rwa_tvl": 18324814031.492725,
    "usdt_dominance": 6.145478924615938,
    "fed_net_liquidity": 5723747.661,
    "fed_net_liquidity_7d_change": 1.6337108583218622
  },
  "summary": {
    "total_metrics": 6,
    "successful": 6,
    "failed": 0
  }
}