{
  "timestamp": "2025-12-25T19:46:43.011705Z",
  "timestamp_unix": 1766692003,
  "metrics": {
    "us_10y_yield": 4.17,
    "us_10y_yield_7d_change": -0.477326968973758,
    "bitcoin_price": 88090.0,
    "stablecoin_mcap": 307442858738.60016,
    "rwa_tvl": 18314617397.487408,
    "usdt_dominance": 6.115503747361983,
    "fed_net_liquidity": 5723763.197,
    "fed_net_liquidity_7d_change": 1.633803478052132
  },
  "summary": {
    "total_metrics": 6,
    "successful": 6,
    "failed": 0
  }
}