{
  "timestamp": "2025-12-25T05:54:01.968079Z",
  "timestamp_unix": 1766642041,
  "metrics": {
    "us_10y_yield": 4.17,
    "us_10y_yield_7d_change": -0.477326968973758,
    "bitcoin_price": 87722.0,
    "stablecoin_mcap": 307570321610.6451,
    "rwa_tvl": 18305030783.133057,
    "usdt_dominance": 6.130396888082947,
    "fed_net_liquidity": 5723763.197,
    "fed_net_liquidity_7d_change": 1.633803478052132
  },
  "summary": {
    "total_metrics": 6,
    "successful": 6,
    "failed": 0
  }
}