{
  "timestamp": "2025-12-24T11:47:40.142810Z",
  "timestamp_unix": 1766576860,
  "metrics": {
    "us_10y_yield": 4.17,
    "us_10y_yield_7d_change": -0.477326968973758,
    "bitcoin_price": 87200.0,
    "stablecoin_mcap": 307739460456.40704,
    "rwa_tvl": 18278302500.692574,
    "usdt_dominance": 6.164122766906879,
    "fed_net_liquidity": 5723762.107,
    "fed_net_liquidity_7d_change": 1.6338030182647594
  },
  "summary": {
    "total_metrics": 6,
    "successful": 6,
    "failed": 0
  }
}