{
  "timestamp": "2025-12-26T14:51:20.618666Z",
  "timestamp_unix": 1766760680,
  "metrics": {
    "us_10y_yield": 4.17,
    "us_10y_yield_7d_change": -0.477326968973758,
    "bitcoin_price": 88048.0,
    "stablecoin_mcap": 307191807246.9478,
    "rwa_tvl": 18320956896.29183,
    "usdt_dominance": 6.109340086986858,
    "fed_net_liquidity": 5723763.197,
    "fed_net_liquidity_7d_change": 1.633803478052132
  },
  "summary": {
    "total_metrics": 6,
    "successful": 6,
    "failed": 0
  }
}