{
  "timestamp": "2025-12-21T08:53:30.422708Z",
  "timestamp_unix": 1766307210,
  "metrics": {
    "us_10y_yield": 4.12,
    "us_10y_yield_7d_change": -0.24213075060532172,
    "bitcoin_price": 88479.0,
    "stablecoin_mcap": 309281201004.3867,
    "rwa_tvl": 18005391634.171036,
    "usdt_dominance": 6.056011812976238,
    "fed_net_liquidity": 5723764.953,
    "fed_net_liquidity_7d_change": 1.6338584798923583
  },
  "summary": {
    "total_metrics": 6,
    "successful": 6,
    "failed": 0
  }
}