{
  "timestamp": "2025-12-26T11:38:47.086735Z",
  "timestamp_unix": 1766749127,
  "metrics": {
    "us_10y_yield": 4.17,
    "us_10y_yield_7d_change": -0.477326968973758,
    "bitcoin_price": 88543.0,
    "stablecoin_mcap": 307647505882.99567,
    "rwa_tvl": 18327716035.49495,
    "usdt_dominance": 6.093583315116991,
    "fed_net_liquidity": 5723763.197,
    "fed_net_liquidity_7d_change": 1.633803478052132
  },
  "summary": {
    "total_metrics": 6,
    "successful": 6,
    "failed": 0
  }
}