{
  "timestamp": "2025-12-21T18:14:58.378737Z",
  "timestamp_unix": 1766340898,
  "metrics": {
    "us_10y_yield": 4.12,
    "us_10y_yield_7d_change": -0.24213075060532172,
    "bitcoin_price": 87965.0,
    "stablecoin_mcap": 309440194407.01245,
    "rwa_tvl": 18012698357.83368,
    "usdt_dominance": 6.096343412776429,
    "fed_net_liquidity": 5723764.953,
    "fed_net_liquidity_7d_change": 1.6338584798923583
  },
  "summary": {
    "total_metrics": 6,
    "successful": 6,
    "failed": 0
  }
}