{
  "timestamp": "2025-12-27T13:37:52.399933Z",
  "timestamp_unix": 1766842672,
  "metrics": {
    "us_10y_yield": 4.17,
    "us_10y_yield_7d_change": -0.477326968973758,
    "bitcoin_price": 87364.0,
    "stablecoin_mcap": 307690059231.01404,
    "rwa_tvl": 18331054028.160427,
    "usdt_dominance": 6.151261984726048,
    "fed_net_liquidity": 5723747.661,
    "fed_net_liquidity_7d_change": 1.6337108583218622
  },
  "summary": {
    "total_metrics": 6,
    "successful": 6,
    "failed": 0
  }
}