{
  "timestamp": "2025-12-21T19:07:58.985197Z",
  "timestamp_unix": 1766344078,
  "metrics": {
    "us_10y_yield": 4.12,
    "us_10y_yield_7d_change": -0.24213075060532172,
    "bitcoin_price": 88393.0,
    "stablecoin_mcap": 309390661236.65765,
    "rwa_tvl": 18013354515.560863,
    "usdt_dominance": 6.067393294789957,
    "fed_net_liquidity": 5723764.953,
    "fed_net_liquidity_7d_change": 1.6338584798923583
  },
  "summary": {
    "total_metrics": 6,
    "successful": 6,
    "failed": 0
  }
}