{
  "timestamp": "2025-12-22T15:34:17.972456Z",
  "timestamp_unix": 1766417657,
  "metrics": {
    "us_10y_yield": 4.12,
    "us_10y_yield_7d_change": -0.24213075060532172,
    "bitcoin_price": 89436.0,
    "stablecoin_mcap": 308206567510.9894,
    "rwa_tvl": 18057638420.111763,
    "usdt_dominance": 6.003613107778715,
    "fed_net_liquidity": 5723764.953,
    "fed_net_liquidity_7d_change": 1.6338584798923583
  },
  "summary": {
    "total_metrics": 6,
    "successful": 6,
    "failed": 0
  }
}