{
  "timestamp": "2025-12-24T14:51:14.270366Z",
  "timestamp_unix": 1766587874,
  "metrics": {
    "us_10y_yield": 4.17,
    "us_10y_yield_7d_change": -0.477326968973758,
    "bitcoin_price": 86845.0,
    "stablecoin_mcap": 307724607739.5223,
    "rwa_tvl": 18297720699.61605,
    "usdt_dominance": 6.175731825649438,
    "fed_net_liquidity": 5723762.107,
    "fed_net_liquidity_7d_change": 1.6338030182647594
  },
  "summary": {
    "total_metrics": 6,
    "successful": 6,
    "failed": 0
  }
}