{
  "timestamp": "2025-12-25T00:52:32.374617Z",
  "timestamp_unix": 1766623952,
  "metrics": {
    "us_10y_yield": 4.17,
    "us_10y_yield_7d_change": -0.477326968973758,
    "bitcoin_price": 87554.0,
    "stablecoin_mcap": 307679053441.787,
    "rwa_tvl": 18297104181.56174,
    "usdt_dominance": 6.140733698581706,
    "fed_net_liquidity": 5723763.197,
    "fed_net_liquidity_7d_change": 1.633803478052132
  },
  "summary": {
    "total_metrics": 6,
    "successful": 6,
    "failed": 0
  }
}