{
  "timestamp": "2025-12-26T23:49:31.371094Z",
  "timestamp_unix": 1766792971,
  "metrics": {
    "us_10y_yield": 4.17,
    "us_10y_yield_7d_change": -0.477326968973758,
    "bitcoin_price": 87286.0,
    "stablecoin_mcap": 307433632518.37665,
    "rwa_tvl": 18324098504.210278,
    "usdt_dominance": 6.162412652682087,
    "fed_net_liquidity": 5723747.661,
    "fed_net_liquidity_7d_change": 1.6337108583218622
  },
  "summary": {
    "total_metrics": 6,
    "successful": 6,
    "failed": 0
  }
}