{
  "timestamp": "2025-12-26T16:38:03.403114Z",
  "timestamp_unix": 1766767083,
  "metrics": {
    "us_10y_yield": 4.17,
    "us_10y_yield_7d_change": -0.477326968973758,
    "bitcoin_price": 87189.0,
    "stablecoin_mcap": 307452248725.4303,
    "rwa_tvl": 18328457474.992886,
    "usdt_dominance": 6.176691957646646,
    "fed_net_liquidity": 5723763.197,
    "fed_net_liquidity_7d_change": 1.633803478052132
  },
  "summary": {
    "total_metrics": 6,
    "successful": 6,
    "failed": 0
  }
}