{
  "timestamp": "2025-12-23T08:16:35.693444Z",
  "timestamp_unix": 1766477795,
  "metrics": {
    "us_10y_yield": 4.16,
    "us_10y_yield_7d_change": 0.48309178743962466,
    "bitcoin_price": 87491.0,
    "stablecoin_mcap": 308428787021.46655,
    "rwa_tvl": 18191594165.770298,
    "usdt_dominance": 6.126527977650852,
    "fed_net_liquidity": 5723766.477,
    "fed_net_liquidity_7d_change": 1.6338487979080996
  },
  "summary": {
    "total_metrics": 6,
    "successful": 6,
    "failed": 0
  }
}