{
  "timestamp": "2025-12-27T07:11:02.580535Z",
  "timestamp_unix": 1766819462,
  "metrics": {
    "us_10y_yield": 4.17,
    "us_10y_yield_7d_change": -0.477326968973758,
    "bitcoin_price": 87474.0,
    "stablecoin_mcap": 307502945832.7954,
    "rwa_tvl": 18323039104.6377,
    "usdt_dominance": 6.146949556710219,
    "fed_net_liquidity": 5723747.661,
    "fed_net_liquidity_7d_change": 1.6337108583218622
  },
  "summary": {
    "total_metrics": 6,
    "successful": 6,
    "failed": 0
  }
}