{
  "timestamp": "2025-12-24T09:15:52.000954Z",
  "timestamp_unix": 1766567752,
  "metrics": {
    "us_10y_yield": 4.17,
    "us_10y_yield_7d_change": -0.477326968973758,
    "bitcoin_price": 86799.0,
    "stablecoin_mcap": 307618661529.10547,
    "rwa_tvl": 18287840246.032192,
    "usdt_dominance": 6.186191411304818,
    "fed_net_liquidity": 5723762.107,
    "fed_net_liquidity_7d_change": 1.6338030182647594
  },
  "summary": {
    "total_metrics": 6,
    "successful": 6,
    "failed": 0
  }
}