{
  "timestamp": "2025-12-22T16:43:05.977834Z",
  "timestamp_unix": 1766421785,
  "metrics": {
    "us_10y_yield": 4.12,
    "us_10y_yield_7d_change": -0.24213075060532172,
    "bitcoin_price": 89718.0,
    "stablecoin_mcap": 308220738692.52136,
    "rwa_tvl": 18060216312.410797,
    "usdt_dominance": 5.989944210918504,
    "fed_net_liquidity": 5723764.953,
    "fed_net_liquidity_7d_change": 1.6338584798923583
  },
  "summary": {
    "total_metrics": 6,
    "successful": 6,
    "failed": 0
  }
}