{
  "timestamp": "2025-12-24T21:29:01.701120Z",
  "timestamp_unix": 1766611741,
  "metrics": {
    "us_10y_yield": 4.17,
    "us_10y_yield_7d_change": -0.477326968973758,
    "bitcoin_price": 87626.0,
    "stablecoin_mcap": 307407047430.82733,
    "rwa_tvl": 18287098259.77674,
    "usdt_dominance": 6.138962766293761,
    "fed_net_liquidity": 5723763.197,
    "fed_net_liquidity_7d_change": 1.633803478052132
  },
  "summary": {
    "total_metrics": 6,
    "successful": 6,
    "failed": 0
  }
}