{
  "timestamp": "2025-12-27T12:18:56.049934Z",
  "timestamp_unix": 1766837936,
  "metrics": {
    "us_10y_yield": 4.17,
    "us_10y_yield_7d_change": -0.477326968973758,
    "bitcoin_price": 87402.0,
    "stablecoin_mcap": 307699388160.8517,
    "rwa_tvl": 18329348905.30805,
    "usdt_dominance": 6.14386777754686,
    "fed_net_liquidity": 5723747.661,
    "fed_net_liquidity_7d_change": 1.6337108583218622
  },
  "summary": {
    "total_metrics": 6,
    "successful": 6,
    "failed": 0
  }
}