{
  "timestamp": "2025-12-23T09:16:08.266104Z",
  "timestamp_unix": 1766481368,
  "metrics": {
    "us_10y_yield": 4.16,
    "us_10y_yield_7d_change": 0.48309178743962466,
    "bitcoin_price": 87510.0,
    "stablecoin_mcap": 308431853030.6828,
    "rwa_tvl": 18203254736.564415,
    "usdt_dominance": 6.12707033631107,
    "fed_net_liquidity": 5723766.477,
    "fed_net_liquidity_7d_change": 1.6338487979080996
  },
  "summary": {
    "total_metrics": 6,
    "successful": 6,
    "failed": 0
  }
}