{
  "timestamp": "2025-12-27T07:29:59.079276Z",
  "timestamp_unix": 1766820599,
  "metrics": {
    "us_10y_yield": 4.17,
    "us_10y_yield_7d_change": -0.477326968973758,
    "bitcoin_price": 87593.0,
    "stablecoin_mcap": 307502945832.7954,
    "rwa_tvl": 18324784303.912758,
    "usdt_dominance": 6.1464235868741754,
    "fed_net_liquidity": 5723747.661,
    "fed_net_liquidity_7d_change": 1.6337108583218622
  },
  "summary": {
    "total_metrics": 6,
    "successful": 6,
    "failed": 0
  }
}