{
  "timestamp": "2025-12-22T18:16:39.520625Z",
  "timestamp_unix": 1766427399,
  "metrics": {
    "us_10y_yield": 4.12,
    "us_10y_yield_7d_change": -0.24213075060532172,
    "bitcoin_price": 89337.0,
    "stablecoin_mcap": 308043716454.99445,
    "rwa_tvl": 18066007905.77504,
    "usdt_dominance": 6.002018908279883,
    "fed_net_liquidity": 5723764.953,
    "fed_net_liquidity_7d_change": 1.6338584798923583
  },
  "summary": {
    "total_metrics": 6,
    "successful": 6,
    "failed": 0
  }
}