{
  "timestamp": "2025-12-25T10:52:02.114570Z",
  "timestamp_unix": 1766659922,
  "metrics": {
    "us_10y_yield": 4.17,
    "us_10y_yield_7d_change": -0.477326968973758,
    "bitcoin_price": 87322.0,
    "stablecoin_mcap": 307429890103.2946,
    "rwa_tvl": 18304029020.10375,
    "usdt_dominance": 6.162381682968779,
    "fed_net_liquidity": 5723763.197,
    "fed_net_liquidity_7d_change": 1.633803478052132
  },
  "summary": {
    "total_metrics": 6,
    "successful": 6,
    "failed": 0
  }
}