{
  "timestamp": "2025-12-20T19:46:43.628119Z",
  "timestamp_unix": 1766260003,
  "metrics": {
    "us_10y_yield": 4.12,
    "us_10y_yield_7d_change": -0.24213075060532172,
    "bitcoin_price": 88202.0,
    "stablecoin_mcap": 308259481064.4098,
    "rwa_tvl": 17988560103.96411,
    "usdt_dominance": 6.05680520314372,
    "fed_net_liquidity": 5723764.953,
    "fed_net_liquidity_7d_change": 1.6338584798923583
  },
  "summary": {
    "total_metrics": 6,
    "successful": 6,
    "failed": 0
  }
}