{
  "timestamp": "2025-12-26T11:10:17.931755Z",
  "timestamp_unix": 1766747417,
  "metrics": {
    "us_10y_yield": 4.17,
    "us_10y_yield_7d_change": -0.477326968973758,
    "bitcoin_price": 88687.0,
    "stablecoin_mcap": 307652862871.7487,
    "rwa_tvl": 18329146768.782837,
    "usdt_dominance": 6.086538965621588,
    "fed_net_liquidity": 5723763.197,
    "fed_net_liquidity_7d_change": 1.633803478052132
  },
  "summary": {
    "total_metrics": 6,
    "successful": 6,
    "failed": 0
  }
}