{
  "timestamp": "2025-12-27T18:44:18.690820Z",
  "timestamp_unix": 1766861058,
  "metrics": {
    "us_10y_yield": 4.17,
    "us_10y_yield_7d_change": -0.477326968973758,
    "bitcoin_price": 87477.0,
    "stablecoin_mcap": 307499688735.3168,
    "rwa_tvl": 18342854863.075607,
    "usdt_dominance": 6.136804643710902,
    "fed_net_liquidity": 5723747.661,
    "fed_net_liquidity_7d_change": 1.6337108583218622
  },
  "summary": {
    "total_metrics": 6,
    "successful": 6,
    "failed": 0
  }
}