{
  "timestamp": "2025-12-26T13:42:59.643916Z",
  "timestamp_unix": 1766756579,
  "metrics": {
    "us_10y_yield": 4.17,
    "us_10y_yield_7d_change": -0.477326968973758,
    "bitcoin_price": 88928.0,
    "stablecoin_mcap": 307485260790.0669,
    "rwa_tvl": 18314555346.865402,
    "usdt_dominance": 6.077651528436187,
    "fed_net_liquidity": 5723763.197,
    "fed_net_liquidity_7d_change": 1.633803478052132
  },
  "summary": {
    "total_metrics": 6,
    "successful": 6,
    "failed": 0
  }
}