{
  "timestamp": "2025-12-21T18:54:49.570475Z",
  "timestamp_unix": 1766343289,
  "metrics": {
    "us_10y_yield": 4.12,
    "us_10y_yield_7d_change": -0.24213075060532172,
    "bitcoin_price": 88284.0,
    "stablecoin_mcap": 309441667918.79596,
    "rwa_tvl": 18013354515.560863,
    "usdt_dominance": 6.078514051017782,
    "fed_net_liquidity": 5723764.953,
    "fed_net_liquidity_7d_change": 1.6338584798923583
  },
  "summary": {
    "total_metrics": 6,
    "successful": 6,
    "failed": 0
  }
}