{
  "timestamp": "2025-12-21T13:36:51.800613Z",
  "timestamp_unix": 1766324211,
  "metrics": {
    "us_10y_yield": 4.12,
    "us_10y_yield_7d_change": -0.24213075060532172,
    "bitcoin_price": 87965.0,
    "stablecoin_mcap": 309376601104.84436,
    "rwa_tvl": 18011042100.785263,
    "usdt_dominance": 6.09238857168308,
    "fed_net_liquidity": 5723764.953,
    "fed_net_liquidity_7d_change": 1.6338584798923583
  },
  "summary": {
    "total_metrics": 6,
    "successful": 6,
    "failed": 0
  }
}