{
  "timestamp": "2025-12-22T08:17:34.404017Z",
  "timestamp_unix": 1766391454,
  "metrics": {
    "us_10y_yield": 4.12,
    "us_10y_yield_7d_change": -0.24213075060532172,
    "bitcoin_price": 89196.0,
    "stablecoin_mcap": 309228475202.4516,
    "rwa_tvl": 18059334640.4246,
    "usdt_dominance": 6.022979577234705,
    "fed_net_liquidity": 5723764.953,
    "fed_net_liquidity_7d_change": 1.6338584798923583
  },
  "summary": {
    "total_metrics": 6,
    "successful": 6,
    "failed": 0
  }
}