{
  "timestamp": "2025-12-21T11:26:11.485003Z",
  "timestamp_unix": 1766316371,
  "metrics": {
    "us_10y_yield": 4.12,
    "us_10y_yield_7d_change": -0.24213075060532172,
    "bitcoin_price": 88645.0,
    "stablecoin_mcap": 309223058308.5812,
    "rwa_tvl": 18006826884.50248,
    "usdt_dominance": 6.0514114125506255,
    "fed_net_liquidity": 5723764.953,
    "fed_net_liquidity_7d_change": 1.6338584798923583
  },
  "summary": {
    "total_metrics": 6,
    "successful": 6,
    "failed": 0
  }
}