{
  "timestamp": "2025-12-20T17:08:39.389228Z",
  "timestamp_unix": 1766250519,
  "metrics": {
    "us_10y_yield": 4.12,
    "us_10y_yield_7d_change": -0.24213075060532172,
    "bitcoin_price": 88156.0,
    "stablecoin_mcap": 308278944901.50055,
    "rwa_tvl": 17986920499.397987,
    "usdt_dominance": 6.059986380298744,
    "fed_net_liquidity": 5723764.953,
    "fed_net_liquidity_7d_change": 1.6338584798923583
  },
  "summary": {
    "total_metrics": 6,
    "successful": 6,
    "failed": 0
  }
}