{
  "timestamp": "2025-12-23T22:10:59.606087Z",
  "timestamp_unix": 1766527859,
  "metrics": {
    "us_10y_yield": 4.17,
    "us_10y_yield_7d_change": -0.477326968973758,
    "bitcoin_price": 87646.0,
    "stablecoin_mcap": 308275529477.91516,
    "rwa_tvl": 18283530025.38414,
    "usdt_dominance": 6.121056884876095,
    "fed_net_liquidity": 5723762.107,
    "fed_net_liquidity_7d_change": 1.6338030182647594
  },
  "summary": {
    "total_metrics": 6,
    "successful": 6,
    "failed": 0
  }
}