{
  "timestamp": "2025-12-25T15:10:55.531427Z",
  "timestamp_unix": 1766675455,
  "metrics": {
    "us_10y_yield": 4.17,
    "us_10y_yield_7d_change": -0.477326968973758,
    "bitcoin_price": 87715.0,
    "stablecoin_mcap": 307496161818.6107,
    "rwa_tvl": 18314161640.455486,
    "usdt_dominance": 6.143265835059268,
    "fed_net_liquidity": 5723763.197,
    "fed_net_liquidity_7d_change": 1.633803478052132
  },
  "summary": {
    "total_metrics": 6,
    "successful": 6,
    "failed": 0
  }
}