{
  "timestamp": "2025-12-22T05:44:40.311049Z",
  "timestamp_unix": 1766382280,
  "metrics": {
    "us_10y_yield": 4.12,
    "us_10y_yield_7d_change": -0.24213075060532172,
    "bitcoin_price": 88894.0,
    "stablecoin_mcap": 309206515114.55225,
    "rwa_tvl": 18045114421.21631,
    "usdt_dominance": 6.031770367106242,
    "fed_net_liquidity": 5723764.953,
    "fed_net_liquidity_7d_change": 1.6338584798923583
  },
  "summary": {
    "total_metrics": 6,
    "successful": 6,
    "failed": 0
  }
}