{
  "timestamp": "2025-12-22T17:33:41.556244Z",
  "timestamp_unix": 1766424821,
  "metrics": {
    "us_10y_yield": 4.12,
    "us_10y_yield_7d_change": -0.24213075060532172,
    "bitcoin_price": 89283.0,
    "stablecoin_mcap": 308043716454.99445,
    "rwa_tvl": 18059846331.162468,
    "usdt_dominance": 6.010348537068947,
    "fed_net_liquidity": 5723764.953,
    "fed_net_liquidity_7d_change": 1.6338584798923583
  },
  "summary": {
    "total_metrics": 6,
    "successful": 6,
    "failed": 0
  }
}