{
  "timestamp": "2025-12-23T02:49:16.143838Z",
  "timestamp_unix": 1766458156,
  "metrics": {
    "us_10y_yield": 4.16,
    "us_10y_yield_7d_change": 0.48309178743962466,
    "bitcoin_price": 88162.0,
    "stablecoin_mcap": 308069216221.63354,
    "rwa_tvl": 18124851826.408688,
    "usdt_dominance": 6.076874515827214,
    "fed_net_liquidity": 5723766.477,
    "fed_net_liquidity_7d_change": 1.6338487979080996
  },
  "summary": {
    "total_metrics": 6,
    "successful": 6,
    "failed": 0
  }
}