{
  "timestamp": "2025-12-23T05:44:52.304686Z",
  "timestamp_unix": 1766468692,
  "metrics": {
    "us_10y_yield": 4.16,
    "us_10y_yield_7d_change": 0.48309178743962466,
    "bitcoin_price": 87714.0,
    "stablecoin_mcap": 308194249341.0545,
    "rwa_tvl": 18233210417.011242,
    "usdt_dominance": 6.118677806509808,
    "fed_net_liquidity": 5723766.477,
    "fed_net_liquidity_7d_change": 1.6338487979080996
  },
  "summary": {
    "total_metrics": 6,
    "successful": 6,
    "failed": 0
  }
}