{
  "timestamp": "2025-12-20T15:10:11.875549Z",
  "timestamp_unix": 1766243411,
  "metrics": {
    "us_10y_yield": 4.12,
    "us_10y_yield_7d_change": -0.24213075060532172,
    "bitcoin_price": 88148.0,
    "stablecoin_mcap": 308269202616.1721,
    "rwa_tvl": 17990397693.294884,
    "usdt_dominance": 6.053242948872253,
    "fed_net_liquidity": 5723764.953,
    "fed_net_liquidity_7d_change": 1.6338584798923583
  },
  "summary": {
    "total_metrics": 6,
    "successful": 6,
    "failed": 0
  }
}