{
  "timestamp": "2025-12-21T06:16:27.923002Z",
  "timestamp_unix": 1766297787,
  "metrics": {
    "us_10y_yield": 4.12,
    "us_10y_yield_7d_change": -0.24213075060532172,
    "bitcoin_price": 88137.0,
    "stablecoin_mcap": 308222582157.0119,
    "rwa_tvl": 18003224080.99442,
    "usdt_dominance": 6.079656486918431,
    "fed_net_liquidity": 5723764.953,
    "fed_net_liquidity_7d_change": 1.6338584798923583
  },
  "summary": {
    "total_metrics": 6,
    "successful": 6,
    "failed": 0
  }
}