{
  "timestamp": "2025-12-26T04:51:32.430565Z",
  "timestamp_unix": 1766724692,
  "metrics": {
    "us_10y_yield": 4.17,
    "us_10y_yield_7d_change": -0.477326968973758,
    "bitcoin_price": 88972.0,
    "stablecoin_mcap": 307541957332.40765,
    "rwa_tvl": 18327453533.196625,
    "usdt_dominance": 6.071420913179511,
    "fed_net_liquidity": 5723763.197,
    "fed_net_liquidity_7d_change": 1.633803478052132
  },
  "summary": {
    "total_metrics": 6,
    "successful": 6,
    "failed": 0
  }
}