{
  "timestamp": "2025-12-25T19:25:59.754213Z",
  "timestamp_unix": 1766690759,
  "metrics": {
    "us_10y_yield": 4.17,
    "us_10y_yield_7d_change": -0.477326968973758,
    "bitcoin_price": 88031.0,
    "stablecoin_mcap": 307442858738.60016,
    "rwa_tvl": 18327612997.677097,
    "usdt_dominance": 6.110882543578219,
    "fed_net_liquidity": 5723763.197,
    "fed_net_liquidity_7d_change": 1.633803478052132
  },
  "summary": {
    "total_metrics": 6,
    "successful": 6,
    "failed": 0
  }
}