{
  "timestamp": "2025-12-26T13:53:51.613359Z",
  "timestamp_unix": 1766757231,
  "metrics": {
    "us_10y_yield": 4.17,
    "us_10y_yield_7d_change": -0.477326968973758,
    "bitcoin_price": 88925.0,
    "stablecoin_mcap": 307485260790.0669,
    "rwa_tvl": 18313239874.08208,
    "usdt_dominance": 6.0726936837565235,
    "fed_net_liquidity": 5723763.197,
    "fed_net_liquidity_7d_change": 1.633803478052132
  },
  "summary": {
    "total_metrics": 6,
    "successful": 6,
    "failed": 0
  }
}