{
  "timestamp": "2025-12-26T23:10:53.572324Z",
  "timestamp_unix": 1766790653,
  "metrics": {
    "us_10y_yield": 4.17,
    "us_10y_yield_7d_change": -0.477326968973758,
    "bitcoin_price": 87430.0,
    "stablecoin_mcap": 307433632518.37665,
    "rwa_tvl": 18320429229.15564,
    "usdt_dominance": 6.154872217396996,
    "fed_net_liquidity": 5723747.661,
    "fed_net_liquidity_7d_change": 1.6337108583218622
  },
  "summary": {
    "total_metrics": 6,
    "successful": 6,
    "failed": 0
  }
}