{
  "timestamp": "2025-12-26T19:08:21.843695Z",
  "timestamp_unix": 1766776101,
  "metrics": {
    "us_10y_yield": 4.17,
    "us_10y_yield_7d_change": -0.477326968973758,
    "bitcoin_price": 87301.0,
    "stablecoin_mcap": 307237022330.21246,
    "rwa_tvl": 18321196788.865322,
    "usdt_dominance": 6.169091983627948,
    "fed_net_liquidity": 5723747.661,
    "fed_net_liquidity_7d_change": 1.6337108583218622
  },
  "summary": {
    "total_metrics": 6,
    "successful": 6,
    "failed": 0
  }
}