{
  "timestamp": "2025-12-21T15:30:05.574826Z",
  "timestamp_unix": 1766331005,
  "metrics": {
    "us_10y_yield": 4.12,
    "us_10y_yield_7d_change": -0.24213075060532172,
    "bitcoin_price": 87833.0,
    "stablecoin_mcap": 309366992752.5492,
    "rwa_tvl": 18017433206.26917,
    "usdt_dominance": 6.110597465826609,
    "fed_net_liquidity": 5723764.953,
    "fed_net_liquidity_7d_change": 1.6338584798923583
  },
  "summary": {
    "total_metrics": 6,
    "successful": 6,
    "failed": 0
  }
}