{
  "timestamp": "2025-12-26T23:41:27.196143Z",
  "timestamp_unix": 1766792487,
  "metrics": {
    "us_10y_yield": 4.17,
    "us_10y_yield_7d_change": -0.477326968973758,
    "bitcoin_price": 87342.0,
    "stablecoin_mcap": 307433632518.37665,
    "rwa_tvl": 18325180682.794987,
    "usdt_dominance": 6.159528996908921,
    "fed_net_liquidity": 5723747.661,
    "fed_net_liquidity_7d_change": 1.6337108583218622
  },
  "summary": {
    "total_metrics": 6,
    "successful": 6,
    "failed": 0
  }
}