{
  "timestamp": "2025-12-27T06:16:46.619040Z",
  "timestamp_unix": 1766816206,
  "metrics": {
    "us_10y_yield": 4.17,
    "us_10y_yield_7d_change": -0.477326968973758,
    "bitcoin_price": 87471.0,
    "stablecoin_mcap": 307470386103.366,
    "rwa_tvl": 18327110231.841644,
    "usdt_dominance": 6.148010666905503,
    "fed_net_liquidity": 5723747.661,
    "fed_net_liquidity_7d_change": 1.6337108583218622
  },
  "summary": {
    "total_metrics": 6,
    "successful": 6,
    "failed": 0
  }
}