{
  "timestamp": "2025-12-22T07:41:39.654951Z",
  "timestamp_unix": 1766389299,
  "metrics": {
    "us_10y_yield": 4.12,
    "us_10y_yield_7d_change": -0.24213075060532172,
    "bitcoin_price": 89041.0,
    "stablecoin_mcap": 309196174663.84424,
    "rwa_tvl": 18057411651.850903,
    "usdt_dominance": 6.020659940973527,
    "fed_net_liquidity": 5723764.953,
    "fed_net_liquidity_7d_change": 1.6338584798923583
  },
  "summary": {
    "total_metrics": 6,
    "successful": 6,
    "failed": 0
  }
}