{
  "timestamp": "2025-12-23T16:58:40.741257Z",
  "timestamp_unix": 1766509120,
  "metrics": {
    "us_10y_yield": 4.16,
    "us_10y_yield_7d_change": 0.48309178743962466,
    "bitcoin_price": 87996.0,
    "stablecoin_mcap": 308401412597.16626,
    "rwa_tvl": 18262585983.068153,
    "usdt_dominance": 6.109671901526659,
    "fed_net_liquidity": 5723766.477,
    "fed_net_liquidity_7d_change": 1.6338487979080996
  },
  "summary": {
    "total_metrics": 6,
    "successful": 6,
    "failed": 0
  }
}