{
  "timestamp": "2025-12-24T05:45:02.914944Z",
  "timestamp_unix": 1766555102,
  "metrics": {
    "us_10y_yield": 4.17,
    "us_10y_yield_7d_change": -0.477326968973758,
    "bitcoin_price": 86948.0,
    "stablecoin_mcap": 308021005495.16327,
    "rwa_tvl": 18295869276.48124,
    "usdt_dominance": 6.181527671629217,
    "fed_net_liquidity": 5723762.107,
    "fed_net_liquidity_7d_change": 1.6338030182647594
  },
  "summary": {
    "total_metrics": 6,
    "successful": 6,
    "failed": 0
  }
}