{
  "timestamp": "2025-12-22T05:53:47.672013Z",
  "timestamp_unix": 1766382827,
  "metrics": {
    "us_10y_yield": 4.12,
    "us_10y_yield_7d_change": -0.24213075060532172,
    "bitcoin_price": 88912.0,
    "stablecoin_mcap": 309206515114.55225,
    "rwa_tvl": 18060278120.864628,
    "usdt_dominance": 6.031834918004901,
    "fed_net_liquidity": 5723764.953,
    "fed_net_liquidity_7d_change": 1.6338584798923583
  },
  "summary": {
    "total_metrics": 6,
    "successful": 6,
    "failed": 0
  }
}