{
  "timestamp": "2025-12-22T18:50:16.190706Z",
  "timestamp_unix": 1766429416,
  "metrics": {
    "us_10y_yield": 4.12,
    "us_10y_yield_7d_change": -0.24213075060532172,
    "bitcoin_price": 89421.0,
    "stablecoin_mcap": 308386549555.92267,
    "rwa_tvl": 18076538435.352726,
    "usdt_dominance": 5.9997837883034615,
    "fed_net_liquidity": 5723764.953,
    "fed_net_liquidity_7d_change": 1.6338584798923583
  },
  "summary": {
    "total_metrics": 6,
    "successful": 6,
    "failed": 0
  }
}