{
  "timestamp": "2025-12-22T04:00:36.053641Z",
  "timestamp_unix": 1766376036,
  "metrics": {
    "us_10y_yield": 4.12,
    "us_10y_yield_7d_change": -0.24213075060532172,
    "bitcoin_price": 88749.0,
    "stablecoin_mcap": 309329179346.18353,
    "rwa_tvl": 18040552252.48283,
    "usdt_dominance": 6.0452790141234685,
    "fed_net_liquidity": 5723764.953,
    "fed_net_liquidity_7d_change": 1.6338584798923583
  },
  "summary": {
    "total_metrics": 6,
    "successful": 6,
    "failed": 0
  }
}