{
  "timestamp": "2025-12-27T17:29:44.931439Z",
  "timestamp_unix": 1766856584,
  "metrics": {
    "us_10y_yield": 4.17,
    "us_10y_yield_7d_change": -0.477326968973758,
    "bitcoin_price": 87483.0,
    "stablecoin_mcap": 307296650775.6642,
    "rwa_tvl": 18345127228.375984,
    "usdt_dominance": 6.145630448161022,
    "fed_net_liquidity": 5723747.661,
    "fed_net_liquidity_7d_change": 1.6337108583218622
  },
  "summary": {
    "total_metrics": 6,
    "successful": 6,
    "failed": 0
  }
}