{
  "timestamp": "2025-12-26T22:33:55.706765Z",
  "timestamp_unix": 1766788435,
  "metrics": {
    "us_10y_yield": 4.17,
    "us_10y_yield_7d_change": -0.477326968973758,
    "bitcoin_price": 87398.0,
    "stablecoin_mcap": 307357877871.20416,
    "rwa_tvl": 18318112558.050102,
    "usdt_dominance": 6.162157718612509,
    "fed_net_liquidity": 5723747.661,
    "fed_net_liquidity_7d_change": 1.6337108583218622
  },
  "summary": {
    "total_metrics": 6,
    "successful": 6,
    "failed": 0
  }
}