{
  "timestamp": "2025-12-21T19:46:46.758651Z",
  "timestamp_unix": 1766346406,
  "metrics": {
    "us_10y_yield": 4.12,
    "us_10y_yield_7d_change": -0.24213075060532172,
    "bitcoin_price": 88392.0,
    "stablecoin_mcap": 309411140137.87195,
    "rwa_tvl": 18013110213.00901,
    "usdt_dominance": 6.070549133298524,
    "fed_net_liquidity": 5723764.953,
    "fed_net_liquidity_7d_change": 1.6338584798923583
  },
  "summary": {
    "total_metrics": 6,
    "successful": 6,
    "failed": 0
  }
}