{
  "timestamp": "2025-12-21T17:09:07.141319Z",
  "timestamp_unix": 1766336947,
  "metrics": {
    "us_10y_yield": 4.12,
    "us_10y_yield_7d_change": -0.24213075060532172,
    "bitcoin_price": 88340.0,
    "stablecoin_mcap": 309440194407.01245,
    "rwa_tvl": 18008590065.535255,
    "usdt_dominance": 6.075346478806495,
    "fed_net_liquidity": 5723764.953,
    "fed_net_liquidity_7d_change": 1.6338584798923583
  },
  "summary": {
    "total_metrics": 6,
    "successful": 6,
    "failed": 0
  }
}