{
  "timestamp": "2025-12-26T17:47:37.283545Z",
  "timestamp_unix": 1766771257,
  "metrics": {
    "us_10y_yield": 4.17,
    "us_10y_yield_7d_change": -0.477326968973758,
    "bitcoin_price": 87307.0,
    "stablecoin_mcap": 307366529658.1262,
    "rwa_tvl": 18360099381.12273,
    "usdt_dominance": 6.171096457420843,
    "fed_net_liquidity": 5723763.197,
    "fed_net_liquidity_7d_change": 1.633803478052132
  },
  "summary": {
    "total_metrics": 6,
    "successful": 6,
    "failed": 0
  }
}