{
  "timestamp": "2025-12-26T18:15:57.259657Z",
  "timestamp_unix": 1766772957,
  "metrics": {
    "us_10y_yield": 4.17,
    "us_10y_yield_7d_change": -0.477326968973758,
    "bitcoin_price": 87276.0,
    "stablecoin_mcap": 307420130195.81995,
    "rwa_tvl": 18346056596.90654,
    "usdt_dominance": 6.174389764184889,
    "fed_net_liquidity": 5723763.197,
    "fed_net_liquidity_7d_change": 1.633803478052132
  },
  "summary": {
    "total_metrics": 6,
    "successful": 6,
    "failed": 0
  }
}