{
  "timestamp": "2025-12-24T08:16:09.874113Z",
  "timestamp_unix": 1766564169,
  "metrics": {
    "us_10y_yield": 4.17,
    "us_10y_yield_7d_change": -0.477326968973758,
    "bitcoin_price": 86929.0,
    "stablecoin_mcap": 307786617895.133,
    "rwa_tvl": 18293198855.535675,
    "usdt_dominance": 6.1785329369687725,
    "fed_net_liquidity": 5723762.107,
    "fed_net_liquidity_7d_change": 1.6338030182647594
  },
  "summary": {
    "total_metrics": 6,
    "successful": 6,
    "failed": 0
  }
}