{
  "timestamp": "2025-12-26T22:11:02.047237Z",
  "timestamp_unix": 1766787062,
  "metrics": {
    "us_10y_yield": 4.17,
    "us_10y_yield_7d_change": -0.477326968973758,
    "bitcoin_price": 87488.0,
    "stablecoin_mcap": 307351949966.0175,
    "rwa_tvl": 18318721511.25487,
    "usdt_dominance": 6.153829471240336,
    "fed_net_liquidity": 5723747.661,
    "fed_net_liquidity_7d_change": 1.6337108583218622
  },
  "summary": {
    "total_metrics": 6,
    "successful": 6,
    "failed": 0
  }
}