{
  "timestamp": "2025-12-24T20:12:00.539211Z",
  "timestamp_unix": 1766607120,
  "metrics": {
    "us_10y_yield": 4.17,
    "us_10y_yield_7d_change": -0.477326968973758,
    "bitcoin_price": 87529.0,
    "stablecoin_mcap": 307628343929.1375,
    "rwa_tvl": 18287235347.310505,
    "usdt_dominance": 6.142749415867757,
    "fed_net_liquidity": 5723763.197,
    "fed_net_liquidity_7d_change": 1.633803478052132
  },
  "summary": {
    "total_metrics": 6,
    "successful": 6,
    "failed": 0
  }
}