{
  "timestamp": "2025-12-26T08:57:41.235361Z",
  "timestamp_unix": 1766739461,
  "metrics": {
    "us_10y_yield": 4.17,
    "us_10y_yield_7d_change": -0.477326968973758,
    "bitcoin_price": 88658.0,
    "stablecoin_mcap": 307576467163.7468,
    "rwa_tvl": 18320859549.401512,
    "usdt_dominance": 6.098607041047992,
    "fed_net_liquidity": 5723763.197,
    "fed_net_liquidity_7d_change": 1.633803478052132
  },
  "summary": {
    "total_metrics": 6,
    "successful": 6,
    "failed": 0
  }
}