{
  "timestamp": "2025-12-22T00:55:55.584339Z",
  "timestamp_unix": 1766364955,
  "metrics": {
    "us_10y_yield": 4.12,
    "us_10y_yield_7d_change": -0.24213075060532172,
    "bitcoin_price": 88953.0,
    "stablecoin_mcap": 309532457017.78656,
    "rwa_tvl": 18017298511.32821,
    "usdt_dominance": 6.018353272347581,
    "fed_net_liquidity": 5723764.953,
    "fed_net_liquidity_7d_change": 1.6338584798923583
  },
  "summary": {
    "total_metrics": 6,
    "successful": 6,
    "failed": 0
  }
}