{
  "timestamp": "2025-12-23T15:34:27.328926Z",
  "timestamp_unix": 1766504067,
  "metrics": {
    "us_10y_yield": 4.16,
    "us_10y_yield_7d_change": 0.48309178743962466,
    "bitcoin_price": 87342.0,
    "stablecoin_mcap": 308364933062.4666,
    "rwa_tvl": 18277589240.975723,
    "usdt_dominance": 6.160419710764789,
    "fed_net_liquidity": 5723766.477,
    "fed_net_liquidity_7d_change": 1.6338487979080996
  },
  "summary": {
    "total_metrics": 6,
    "successful": 6,
    "failed": 0
  }
}