{
  "timestamp": "2025-12-25T08:15:52.838219Z",
  "timestamp_unix": 1766650552,
  "metrics": {
    "us_10y_yield": 4.17,
    "us_10y_yield_7d_change": -0.477326968973758,
    "bitcoin_price": 87737.0,
    "stablecoin_mcap": 307409570947.94476,
    "rwa_tvl": 18315456489.534866,
    "usdt_dominance": 6.1276134213005005,
    "fed_net_liquidity": 5723763.197,
    "fed_net_liquidity_7d_change": 1.633803478052132
  },
  "summary": {
    "total_metrics": 6,
    "successful": 6,
    "failed": 0
  }
}