{
  "timestamp": "2025-12-21T12:19:10.747277Z",
  "timestamp_unix": 1766319550,
  "metrics": {
    "us_10y_yield": 4.12,
    "us_10y_yield_7d_change": -0.24213075060532172,
    "bitcoin_price": 88792.0,
    "stablecoin_mcap": 309274703236.81964,
    "rwa_tvl": 18004433572.20539,
    "usdt_dominance": 6.043281678836552,
    "fed_net_liquidity": 5723764.953,
    "fed_net_liquidity_7d_change": 1.6338584798923583
  },
  "summary": {
    "total_metrics": 6,
    "successful": 6,
    "failed": 0
  }
}