{
  "timestamp": "2025-12-21T05:50:42.855111Z",
  "timestamp_unix": 1766296242,
  "metrics": {
    "us_10y_yield": 4.12,
    "us_10y_yield_7d_change": -0.24213075060532172,
    "bitcoin_price": 88069.0,
    "stablecoin_mcap": 308222582157.0119,
    "rwa_tvl": 18001593178.975563,
    "usdt_dominance": 6.078706290906911,
    "fed_net_liquidity": 5723764.953,
    "fed_net_liquidity_7d_change": 1.6338584798923583
  },
  "summary": {
    "total_metrics": 6,
    "successful": 6,
    "failed": 0
  }
}