{
  "timestamp": "2025-12-24T22:34:04.558805Z",
  "timestamp_unix": 1766615644,
  "metrics": {
    "us_10y_yield": 4.17,
    "us_10y_yield_7d_change": -0.477326968973758,
    "bitcoin_price": 87802.0,
    "stablecoin_mcap": 307588970245.3927,
    "rwa_tvl": 18304327867.708458,
    "usdt_dominance": 6.130633471875922,
    "fed_net_liquidity": 5723763.197,
    "fed_net_liquidity_7d_change": 1.633803478052132
  },
  "summary": {
    "total_metrics": 6,
    "successful": 6,
    "failed": 0
  }
}