{
  "timestamp": "2025-12-27T23:29:26.391530Z",
  "timestamp_unix": 1766878166,
  "metrics": {
    "us_10y_yield": 4.17,
    "us_10y_yield_7d_change": -0.477326968973758,
    "bitcoin_price": 87604.0,
    "stablecoin_mcap": 307344535881.27344,
    "rwa_tvl": 18335128975.846664,
    "usdt_dominance": 6.119456056569591,
    "fed_net_liquidity": 5723747.661,
    "fed_net_liquidity_7d_change": 1.6337108583218622
  },
  "summary": {
    "total_metrics": 6,
    "successful": 6,
    "failed": 0
  }
}