{
  "timestamp": "2025-12-26T06:17:59.828830Z",
  "timestamp_unix": 1766729879,
  "metrics": {
    "us_10y_yield": 4.17,
    "us_10y_yield_7d_change": -0.477326968973758,
    "bitcoin_price": 89051.0,
    "stablecoin_mcap": 307574037002.7403,
    "rwa_tvl": 18333951399.819504,
    "usdt_dominance": 6.065966391774197,
    "fed_net_liquidity": 5723763.197,
    "fed_net_liquidity_7d_change": 1.633803478052132
  },
  "summary": {
    "total_metrics": 6,
    "successful": 6,
    "failed": 0
  }
}