{
  "timestamp": "2025-12-25T22:10:29.304449Z",
  "timestamp_unix": 1766700629,
  "metrics": {
    "us_10y_yield": 4.17,
    "us_10y_yield_7d_change": -0.477326968973758,
    "bitcoin_price": 87789.0,
    "stablecoin_mcap": 307458564992.4042,
    "rwa_tvl": 18313737997.536373,
    "usdt_dominance": 6.130273575477372,
    "fed_net_liquidity": 5723763.197,
    "fed_net_liquidity_7d_change": 1.633803478052132
  },
  "summary": {
    "total_metrics": 6,
    "successful": 6,
    "failed": 0
  }
}