{
  "timestamp": "2025-12-25T02:49:49.716398Z",
  "timestamp_unix": 1766630989,
  "metrics": {
    "us_10y_yield": 4.17,
    "us_10y_yield_7d_change": -0.477326968973758,
    "bitcoin_price": 87822.0,
    "stablecoin_mcap": 307609741690.94916,
    "rwa_tvl": 18311386176.611706,
    "usdt_dominance": 6.1192964646088175,
    "fed_net_liquidity": 5723763.197,
    "fed_net_liquidity_7d_change": 1.633803478052132
  },
  "summary": {
    "total_metrics": 6,
    "successful": 6,
    "failed": 0
  }
}