{
  "timestamp": "2025-12-25T13:06:04.772130Z",
  "timestamp_unix": 1766667964,
  "metrics": {
    "us_10y_yield": 4.17,
    "us_10y_yield_7d_change": -0.477326968973758,
    "bitcoin_price": 87489.0,
    "stablecoin_mcap": 307474764137.18134,
    "rwa_tvl": 18320076620.368362,
    "usdt_dominance": 6.1526482075273545,
    "fed_net_liquidity": 5723763.197,
    "fed_net_liquidity_7d_change": 1.633803478052132
  },
  "summary": {
    "total_metrics": 6,
    "successful": 6,
    "failed": 0
  }
}