{
  "timestamp": "2025-12-27T23:10:46.580422Z",
  "timestamp_unix": 1766877046,
  "metrics": {
    "us_10y_yield": 4.17,
    "us_10y_yield_7d_change": -0.477326968973758,
    "bitcoin_price": 87557.0,
    "stablecoin_mcap": 307395607381.4296,
    "rwa_tvl": 18336753982.86446,
    "usdt_dominance": 6.126194037444553,
    "fed_net_liquidity": 5723747.661,
    "fed_net_liquidity_7d_change": 1.6337108583218622
  },
  "summary": {
    "total_metrics": 6,
    "successful": 6,
    "failed": 0
  }
}