{
  "timestamp": "2025-12-21T18:43:30.527419Z",
  "timestamp_unix": 1766342610,
  "metrics": {
    "us_10y_yield": 4.12,
    "us_10y_yield_7d_change": -0.24213075060532172,
    "bitcoin_price": 88240.0,
    "stablecoin_mcap": 309441667918.79596,
    "rwa_tvl": 18013068447.44833,
    "usdt_dominance": 6.08000015818654,
    "fed_net_liquidity": 5723764.953,
    "fed_net_liquidity_7d_change": 1.6338584798923583
  },
  "summary": {
    "total_metrics": 6,
    "successful": 6,
    "failed": 0
  }
}