{
  "timestamp": "2025-12-25T17:10:53.424739Z",
  "timestamp_unix": 1766682653,
  "metrics": {
    "us_10y_yield": 4.17,
    "us_10y_yield_7d_change": -0.477326968973758,
    "bitcoin_price": 88081.0,
    "stablecoin_mcap": 307511594788.19775,
    "rwa_tvl": 18317206361.51124,
    "usdt_dominance": 6.121265001369469,
    "fed_net_liquidity": 5723763.197,
    "fed_net_liquidity_7d_change": 1.633803478052132
  },
  "summary": {
    "total_metrics": 6,
    "successful": 6,
    "failed": 0
  }
}