{
  "timestamp": "2025-12-23T14:11:55.217711Z",
  "timestamp_unix": 1766499115,
  "metrics": {
    "us_10y_yield": 4.16,
    "us_10y_yield_7d_change": 0.48309178743962466,
    "bitcoin_price": 87682.0,
    "stablecoin_mcap": 308363320817.1919,
    "rwa_tvl": 18281168515.7963,
    "usdt_dominance": 6.133213433632299,
    "fed_net_liquidity": 5723766.477,
    "fed_net_liquidity_7d_change": 1.6338487979080996
  },
  "summary": {
    "total_metrics": 6,
    "successful": 6,
    "failed": 0
  }
}