{
  "timestamp": "2025-12-20T21:08:58.504995Z",
  "timestamp_unix": 1766264938,
  "metrics": {
    "us_10y_yield": 4.12,
    "us_10y_yield_7d_change": -0.24213075060532172,
    "bitcoin_price": 88236.0,
    "stablecoin_mcap": 308803085236.4671,
    "rwa_tvl": 18004498863.686592,
    "usdt_dominance": 6.051279551901581,
    "fed_net_liquidity": 5723764.953,
    "fed_net_liquidity_7d_change": 1.6338584798923583
  },
  "summary": {
    "total_metrics": 6,
    "successful": 6,
    "failed": 0
  }
}