{
  "timestamp": "2025-12-21T05:17:41.695031Z",
  "timestamp_unix": 1766294261,
  "metrics": {
    "us_10y_yield": 4.12,
    "us_10y_yield_7d_change": -0.24213075060532172,
    "bitcoin_price": 88094.0,
    "stablecoin_mcap": 309276000643.37854,
    "rwa_tvl": 18009968682.30321,
    "usdt_dominance": 6.082274567802251,
    "fed_net_liquidity": 5723764.953,
    "fed_net_liquidity_7d_change": 1.6338584798923583
  },
  "summary": {
    "total_metrics": 6,
    "successful": 6,
    "failed": 0
  }
}