{
  "timestamp": "2025-12-20T14:30:57.242883Z",
  "timestamp_unix": 1766241057,
  "metrics": {
    "us_10y_yield": 4.12,
    "us_10y_yield_7d_change": -0.24213075060532172,
    "bitcoin_price": 88062.0,
    "stablecoin_mcap": 308277871690.56714,
    "rwa_tvl": 17991293922.930458,
    "usdt_dominance": 6.06509783603267,
    "fed_net_liquidity": 5723764.953,
    "fed_net_liquidity_7d_change": 1.6338584798923583
  },
  "summary": {
    "total_metrics": 6,
    "successful": 6,
    "failed": 0
  }
}