{
  "timestamp": "2025-12-20T16:51:27.506215Z",
  "timestamp_unix": 1766249487,
  "metrics": {
    "us_10y_yield": 4.12,
    "us_10y_yield_7d_change": -0.24213075060532172,
    "bitcoin_price": 88108.0,
    "stablecoin_mcap": 308233130539.3433,
    "rwa_tvl": 17986640780.480907,
    "usdt_dominance": 6.060255107998737,
    "fed_net_liquidity": 5723764.953,
    "fed_net_liquidity_7d_change": 1.6338584798923583
  },
  "summary": {
    "total_metrics": 6,
    "successful": 6,
    "failed": 0
  }
}