{
  "timestamp": "2025-12-23T05:54:50.723719Z",
  "timestamp_unix": 1766469290,
  "metrics": {
    "us_10y_yield": 4.16,
    "us_10y_yield_7d_change": 0.48309178743962466,
    "bitcoin_price": 87737.0,
    "stablecoin_mcap": 308194249341.0545,
    "rwa_tvl": 18233210417.011242,
    "usdt_dominance": 6.112448272696175,
    "fed_net_liquidity": 5723766.477,
    "fed_net_liquidity_7d_change": 1.6338487979080996
  },
  "summary": {
    "total_metrics": 6,
    "successful": 6,
    "failed": 0
  }
}