{
  "timestamp": "2025-12-21T23:47:54.284822Z",
  "timestamp_unix": 1766360874,
  "metrics": {
    "us_10y_yield": 4.12,
    "us_10y_yield_7d_change": -0.24213075060532172,
    "bitcoin_price": 88456.0,
    "stablecoin_mcap": 309407006275.8189,
    "rwa_tvl": 18019029222.85743,
    "usdt_dominance": 6.0571856872910415,
    "fed_net_liquidity": 5723764.953,
    "fed_net_liquidity_7d_change": 1.6338584798923583
  },
  "summary": {
    "total_metrics": 6,
    "successful": 6,
    "failed": 0
  }
}