{
  "timestamp": "2025-12-23T21:10:55.694226Z",
  "timestamp_unix": 1766524255,
  "metrics": {
    "us_10y_yield": 4.16,
    "us_10y_yield_7d_change": 0.48309178743962466,
    "bitcoin_price": 87519.0,
    "stablecoin_mcap": 308275529477.91516,
    "rwa_tvl": 18289615968.6658,
    "usdt_dominance": 6.129722461134211,
    "fed_net_liquidity": 5723762.107,
    "fed_net_liquidity_7d_change": 1.6338030182647594
  },
  "summary": {
    "total_metrics": 6,
    "successful": 6,
    "failed": 0
  }
}