{
  "timestamp": "2025-12-25T04:56:09.248520Z",
  "timestamp_unix": 1766638569,
  "metrics": {
    "us_10y_yield": 4.17,
    "us_10y_yield_7d_change": -0.477326968973758,
    "bitcoin_price": 87770.0,
    "stablecoin_mcap": 307568599805.1232,
    "rwa_tvl": 18307355663.929615,
    "usdt_dominance": 6.124689479459107,
    "fed_net_liquidity": 5723763.197,
    "fed_net_liquidity_7d_change": 1.633803478052132
  },
  "summary": {
    "total_metrics": 6,
    "successful": 6,
    "failed": 0
  }
}