{
  "timestamp": "2025-12-25T09:35:48.667908Z",
  "timestamp_unix": 1766655348,
  "metrics": {
    "us_10y_yield": 4.17,
    "us_10y_yield_7d_change": -0.477326968973758,
    "bitcoin_price": 87404.0,
    "stablecoin_mcap": 307438097100.78143,
    "rwa_tvl": 18305288963.061817,
    "usdt_dominance": 6.147385298687446,
    "fed_net_liquidity": 5723763.197,
    "fed_net_liquidity_7d_change": 1.633803478052132
  },
  "summary": {
    "total_metrics": 6,
    "successful": 6,
    "failed": 0
  }
}