{
  "timestamp": "2025-12-24T21:39:44.518265Z",
  "timestamp_unix": 1766612384,
  "metrics": {
    "us_10y_yield": 4.17,
    "us_10y_yield_7d_change": -0.477326968973758,
    "bitcoin_price": 87702.0,
    "stablecoin_mcap": 307407047430.82733,
    "rwa_tvl": 18287098259.77674,
    "usdt_dominance": 6.1348454083947805,
    "fed_net_liquidity": 5723763.197,
    "fed_net_liquidity_7d_change": 1.633803478052132
  },
  "summary": {
    "total_metrics": 6,
    "successful": 6,
    "failed": 0
  }
}