{
  "timestamp": "2025-12-26T21:39:00.776272Z",
  "timestamp_unix": 1766785140,
  "metrics": {
    "us_10y_yield": 4.17,
    "us_10y_yield_7d_change": -0.477326968973758,
    "bitcoin_price": 87442.0,
    "stablecoin_mcap": 307351949966.0175,
    "rwa_tvl": 18321544940.912403,
    "usdt_dominance": 6.1521858846771815,
    "fed_net_liquidity": 5723747.661,
    "fed_net_liquidity_7d_change": 1.6337108583218622
  },
  "summary": {
    "total_metrics": 6,
    "successful": 6,
    "failed": 0
  }
}