{
  "timestamp": "2025-12-23T00:53:01.322974Z",
  "timestamp_unix": 1766451181,
  "metrics": {
    "us_10y_yield": 4.16,
    "us_10y_yield_7d_change": 0.48309178743962466,
    "bitcoin_price": 88758.0,
    "stablecoin_mcap": 307999014817.9042,
    "rwa_tvl": 18089980064.68222,
    "usdt_dominance": 6.046004496881522,
    "fed_net_liquidity": 5723766.477,
    "fed_net_liquidity_7d_change": 1.6338487979080996
  },
  "summary": {
    "total_metrics": 6,
    "successful": 6,
    "failed": 0
  }
}