{
  "timestamp": "2025-12-24T18:16:19.832889Z",
  "timestamp_unix": 1766600179,
  "metrics": {
    "us_10y_yield": 4.17,
    "us_10y_yield_7d_change": -0.477326968973758,
    "bitcoin_price": 87285.0,
    "stablecoin_mcap": 307685744349.0074,
    "rwa_tvl": 18275322700.44351,
    "usdt_dominance": 6.160112663436666,
    "fed_net_liquidity": 5723762.107,
    "fed_net_liquidity_7d_change": 1.6338030182647594
  },
  "summary": {
    "total_metrics": 6,
    "successful": 6,
    "failed": 0
  }
}