{
  "timestamp": "2025-12-23T13:46:47.576258Z",
  "timestamp_unix": 1766497607,
  "metrics": {
    "us_10y_yield": 4.16,
    "us_10y_yield_7d_change": 0.48309178743962466,
    "bitcoin_price": 87616.0,
    "stablecoin_mcap": 308363320817.1919,
    "rwa_tvl": 18277801774.531185,
    "usdt_dominance": 6.129831584129139,
    "fed_net_liquidity": 5723766.477,
    "fed_net_liquidity_7d_change": 1.6338487979080996
  },
  "summary": {
    "total_metrics": 6,
    "successful": 6,
    "failed": 0
  }
}