{
  "timestamp": "2025-12-21T02:55:25.574025Z",
  "timestamp_unix": 1766285725,
  "metrics": {
    "us_10y_yield": 4.12,
    "us_10y_yield_7d_change": -0.24213075060532172,
    "bitcoin_price": 87912.0,
    "stablecoin_mcap": 309237389712.0822,
    "rwa_tvl": 17997631419.76324,
    "usdt_dominance": 6.097254489406724,
    "fed_net_liquidity": 5723764.953,
    "fed_net_liquidity_7d_change": 1.6338584798923583
  },
  "summary": {
    "total_metrics": 6,
    "successful": 6,
    "failed": 0
  }
}