{
  "timestamp": "2025-12-22T14:52:10.097235Z",
  "timestamp_unix": 1766415130,
  "metrics": {
    "us_10y_yield": 4.12,
    "us_10y_yield_7d_change": -0.24213075060532172,
    "bitcoin_price": 90052.0,
    "stablecoin_mcap": 308069501333.20374,
    "rwa_tvl": 18059682710.103207,
    "usdt_dominance": 5.990513272055526,
    "fed_net_liquidity": 5723764.953,
    "fed_net_liquidity_7d_change": 1.6338584798923583
  },
  "summary": {
    "total_metrics": 6,
    "successful": 6,
    "failed": 0
  }
}