{
  "timestamp": "2025-12-24T12:21:05.081515Z",
  "timestamp_unix": 1766578865,
  "metrics": {
    "us_10y_yield": 4.17,
    "us_10y_yield_7d_change": -0.477326968973758,
    "bitcoin_price": 87241.0,
    "stablecoin_mcap": 307754749888.18427,
    "rwa_tvl": 18279411750.32612,
    "usdt_dominance": 6.162368611729383,
    "fed_net_liquidity": 5723762.107,
    "fed_net_liquidity_7d_change": 1.6338030182647594
  },
  "summary": {
    "total_metrics": 6,
    "successful": 6,
    "failed": 0
  }
}