{
  "timestamp": "2025-12-23T08:49:32.039802Z",
  "timestamp_unix": 1766479772,
  "metrics": {
    "us_10y_yield": 4.16,
    "us_10y_yield_7d_change": 0.48309178743962466,
    "bitcoin_price": 87455.0,
    "stablecoin_mcap": 308428787021.46655,
    "rwa_tvl": 18193360995.678516,
    "usdt_dominance": 6.123726473997217,
    "fed_net_liquidity": 5723766.477,
    "fed_net_liquidity_7d_change": 1.6338487979080996
  },
  "summary": {
    "total_metrics": 6,
    "successful": 6,
    "failed": 0
  }
}