{
  "timestamp": "2025-12-27T14:31:33.928724Z",
  "timestamp_unix": 1766845893,
  "metrics": {
    "us_10y_yield": 4.17,
    "us_10y_yield_7d_change": -0.477326968973758,
    "bitcoin_price": 87372.0,
    "stablecoin_mcap": 307659948472.5573,
    "rwa_tvl": 18343896130.547855,
    "usdt_dominance": 6.150217085176511,
    "fed_net_liquidity": 5723747.661,
    "fed_net_liquidity_7d_change": 1.6337108583218622
  },
  "summary": {
    "total_metrics": 6,
    "successful": 6,
    "failed": 0
  }
}