{
  "timestamp": "2025-12-27T21:09:09.613553Z",
  "timestamp_unix": 1766869749,
  "metrics": {
    "us_10y_yield": 4.17,
    "us_10y_yield_7d_change": -0.477326968973758,
    "bitcoin_price": 87538.0,
    "stablecoin_mcap": 307376974435.5516,
    "rwa_tvl": 18348872586.60596,
    "usdt_dominance": 6.132954325630044,
    "fed_net_liquidity": 5723747.661,
    "fed_net_liquidity_7d_change": 1.6337108583218622
  },
  "summary": {
    "total_metrics": 6,
    "successful": 6,
    "failed": 0
  }
}