{
  "timestamp": "2025-12-24T04:27:32.737924Z",
  "timestamp_unix": 1766550452,
  "metrics": {
    "us_10y_yield": 4.17,
    "us_10y_yield_7d_change": -0.477326968973758,
    "bitcoin_price": 87268.0,
    "stablecoin_mcap": 308078709791.29205,
    "rwa_tvl": 18296465307.348484,
    "usdt_dominance": 6.151283485812888,
    "fed_net_liquidity": 5723762.107,
    "fed_net_liquidity_7d_change": 1.6338030182647594
  },
  "summary": {
    "total_metrics": 6,
    "successful": 6,
    "failed": 0
  }
}