{
  "timestamp": "2025-12-23T20:11:50.688753Z",
  "timestamp_unix": 1766520710,
  "metrics": {
    "us_10y_yield": 4.16,
    "us_10y_yield_7d_change": 0.48309178743962466,
    "bitcoin_price": 87605.0,
    "stablecoin_mcap": 308251276913.84357,
    "rwa_tvl": 18284886487.56256,
    "usdt_dominance": 6.138724317030455,
    "fed_net_liquidity": 5723762.107,
    "fed_net_liquidity_7d_change": 1.6338030182647594
  },
  "summary": {
    "total_metrics": 6,
    "successful": 6,
    "failed": 0
  }
}