{
  "timestamp": "2025-12-27T05:12:47.661220Z",
  "timestamp_unix": 1766812367,
  "metrics": {
    "us_10y_yield": 4.17,
    "us_10y_yield_7d_change": -0.477326968973758,
    "bitcoin_price": 87396.0,
    "stablecoin_mcap": 307470386103.366,
    "rwa_tvl": 18315839489.935577,
    "usdt_dominance": 6.1520163567682165,
    "fed_net_liquidity": 5723747.661,
    "fed_net_liquidity_7d_change": 1.6337108583218622
  },
  "summary": {
    "total_metrics": 6,
    "successful": 6,
    "failed": 0
  }
}