{
  "timestamp": "2025-12-21T11:09:06.431140Z",
  "timestamp_unix": 1766315346,
  "metrics": {
    "us_10y_yield": 4.12,
    "us_10y_yield_7d_change": -0.24213075060532172,
    "bitcoin_price": 88570.0,
    "stablecoin_mcap": 309251811550.7712,
    "rwa_tvl": 18006922473.82833,
    "usdt_dominance": 6.050026701008382,
    "fed_net_liquidity": 5723764.953,
    "fed_net_liquidity_7d_change": 1.6338584798923583
  },
  "summary": {
    "total_metrics": 6,
    "successful": 6,
    "failed": 0
  }
}