{
  "timestamp": "2025-12-24T07:16:05.841525Z",
  "timestamp_unix": 1766560565,
  "metrics": {
    "us_10y_yield": 4.17,
    "us_10y_yield_7d_change": -0.477326968973758,
    "bitcoin_price": 86981.0,
    "stablecoin_mcap": 307825565913.5853,
    "rwa_tvl": 18294172485.872074,
    "usdt_dominance": 6.17436547326486,
    "fed_net_liquidity": 5723762.107,
    "fed_net_liquidity_7d_change": 1.6338030182647594
  },
  "summary": {
    "total_metrics": 6,
    "successful": 6,
    "failed": 0
  }
}