{
  "timestamp": "2025-12-26T05:51:36.442261Z",
  "timestamp_unix": 1766728296,
  "metrics": {
    "us_10y_yield": 4.17,
    "us_10y_yield_7d_change": -0.477326968973758,
    "bitcoin_price": 88850.0,
    "stablecoin_mcap": 307556832729.6737,
    "rwa_tvl": 18333951399.819504,
    "usdt_dominance": 6.08082280322075,
    "fed_net_liquidity": 5723763.197,
    "fed_net_liquidity_7d_change": 1.633803478052132
  },
  "summary": {
    "total_metrics": 6,
    "successful": 6,
    "failed": 0
  }
}