{
  "timestamp": "2025-12-23T12:21:55.385502Z",
  "timestamp_unix": 1766492515,
  "metrics": {
    "us_10y_yield": 4.16,
    "us_10y_yield_7d_change": 0.48309178743962466,
    "bitcoin_price": 87675.0,
    "stablecoin_mcap": 308442752819.91626,
    "rwa_tvl": 18212848044.14664,
    "usdt_dominance": 6.109708511789877,
    "fed_net_liquidity": 5723766.477,
    "fed_net_liquidity_7d_change": 1.6338487979080996
  },
  "summary": {
    "total_metrics": 6,
    "successful": 6,
    "failed": 0
  }
}