{
  "timestamp": "2025-12-22T06:54:34.274368Z",
  "timestamp_unix": 1766386474,
  "metrics": {
    "us_10y_yield": 4.12,
    "us_10y_yield_7d_change": -0.24213075060532172,
    "bitcoin_price": 88858.0,
    "stablecoin_mcap": 309210090724.25244,
    "rwa_tvl": 18057070628.56887,
    "usdt_dominance": 6.032868534696059,
    "fed_net_liquidity": 5723764.953,
    "fed_net_liquidity_7d_change": 1.6338584798923583
  },
  "summary": {
    "total_metrics": 6,
    "successful": 6,
    "failed": 0
  }
}