{
  "timestamp": "2025-12-25T20:34:53.924856Z",
  "timestamp_unix": 1766694893,
  "metrics": {
    "us_10y_yield": 4.17,
    "us_10y_yield_7d_change": -0.477326968973758,
    "bitcoin_price": 87730.0,
    "stablecoin_mcap": 307281010402.836,
    "rwa_tvl": 18314947984.52495,
    "usdt_dominance": 6.119158202712261,
    "fed_net_liquidity": 5723763.197,
    "fed_net_liquidity_7d_change": 1.633803478052132
  },
  "summary": {
    "total_metrics": 6,
    "successful": 6,
    "failed": 0
  }
}