{
  "timestamp": "2025-12-23T11:10:36.240011Z",
  "timestamp_unix": 1766488236,
  "metrics": {
    "us_10y_yield": 4.16,
    "us_10y_yield_7d_change": 0.48309178743962466,
    "bitcoin_price": 87594.0,
    "stablecoin_mcap": 308311988563.7587,
    "rwa_tvl": 18217795230.631172,
    "usdt_dominance": 6.120552746453544,
    "fed_net_liquidity": 5723766.477,
    "fed_net_liquidity_7d_change": 1.6338487979080996
  },
  "summary": {
    "total_metrics": 6,
    "successful": 6,
    "failed": 0
  }
}