{
  "timestamp": "2025-12-20T23:37:31.482272Z",
  "timestamp_unix": 1766273851,
  "metrics": {
    "us_10y_yield": 4.12,
    "us_10y_yield_7d_change": -0.24213075060532172,
    "bitcoin_price": 88257.0,
    "stablecoin_mcap": 308825428442.53735,
    "rwa_tvl": 18004326572.52938,
    "usdt_dominance": 6.068782421611226,
    "fed_net_liquidity": 5723764.953,
    "fed_net_liquidity_7d_change": 1.6338584798923583
  },
  "summary": {
    "total_metrics": 6,
    "successful": 6,
    "failed": 0
  }
}