{
  "timestamp": "2025-12-22T10:12:42.723870Z",
  "timestamp_unix": 1766398362,
  "metrics": {
    "us_10y_yield": 4.12,
    "us_10y_yield_7d_change": -0.24213075060532172,
    "bitcoin_price": 89596.0,
    "stablecoin_mcap": 308167865257.37915,
    "rwa_tvl": 18057639100.67142,
    "usdt_dominance": 5.995880942173603,
    "fed_net_liquidity": 5723764.953,
    "fed_net_liquidity_7d_change": 1.6338584798923583
  },
  "summary": {
    "total_metrics": 6,
    "successful": 6,
    "failed": 0
  }
}