{
  "timestamp": "2025-12-21T16:36:33.366949Z",
  "timestamp_unix": 1766334993,
  "metrics": {
    "us_10y_yield": 4.12,
    "us_10y_yield_7d_change": -0.24213075060532172,
    "bitcoin_price": 88183.0,
    "stablecoin_mcap": 309331418412.3446,
    "rwa_tvl": 18007925740.982323,
    "usdt_dominance": 6.083439729507272,
    "fed_net_liquidity": 5723764.953,
    "fed_net_liquidity_7d_change": 1.6338584798923583
  },
  "summary": {
    "total_metrics": 6,
    "successful": 6,
    "failed": 0
  }
}